Ward,Searches,Searches_Got_Estimate,Searches_For_Quotes,Searches_Got_Quotes,Bookings,Completed_Trips,Search_To_Estimate_Rate,Estimate_To_Quote_Search_Rate,Quote_Acceptance_Rate,Quote_To_Booking_Rate,Cancelled_Bookings,Booking_Cancellation_Rate,Conversion_Rate,Drivers_Earnings,Average_Distance_Per_Trip_Km,Average_Fare_Per_Trip,Distance_Travelled_Km,Is_Bangalore_Total,Completion_Rate_From_Bookings,Fare_Per_Km,Earnings_Per_Completed_Trip,Distance_Per_Completed_Trip_Km,Booking_to_Search_Rate,Searches_Percentile,Bookings_Percentile,Completed_Trips_Percentile,Conversion_Rate_Percentile,Booking_Cancellation_Rate_Percentile,Average_Fare_Per_Trip_Percentile,Average_Distance_Per_Trip_Km_Percentile,Drivers_Earnings_Percentile,Demand_Quartile,Conversion_Quartile,Cancellation_Quartile
Other Wards,3071626,2712391,1890877,975708,954414,589585,88.3,69.7,51.6,97.8,364609,38.2,19.2,120007713,10.37,175.04,7190364,False,61.774554857745166,16.879459980713598,203.5460756294682,12.19563591339671,31.071946910203263,100.0,100.0,100.0,2.8688524590163933,68.44262295081968,97.95081967213115,98.36065573770492,100.0,Very High,Low,High
Shantala Nagar,2401161,2384599,2067653,856568,841607,474271,99.3,86.7,41.4,98.3,367010,43.6,19.8,71177412,7.48,138.74,3863534,False,56.35302463026092,18.548128342245988,150.07751264572366,8.146258151984835,35.05000289443315,99.59016393442623,99.59016393442623,99.59016393442623,3.6885245901639343,91.59836065573771,68.44262295081968,59.63114754098361,99.59016393442623,Very High,Low,Very High
Doddakanahalli,1727250,1711471,1456511,596480,587089,350792,99.1,85.1,40.9,98.4,236139,40.2,20.3,59211778,9.02,159.54,3354728,False,59.75107692360102,17.687361419068736,168.79455061688978,9.56329676845538,33.989810392242006,99.18032786885246,99.18032786885246,99.18032786885246,4.098360655737705,79.50819672131148,92.62295081967213,92.00819672131148,99.18032786885246,Very High,Low,Very High
Agara,1226026,1214797,1043176,520539,508562,336728,99.1,85.9,49.9,97.7,171714,33.8,27.5,47568017,7.63,137.67,2633026,False,66.21178931968964,18.043250327653997,141.26540412439715,7.819444774417334,41.48052325154605,97.95081967213115,97.54098360655738,98.77049180327869,32.37704918032787,39.549180327868854,66.39344262295081,63.729508196721305,98.77049180327869,Very High,Moderate,Moderate
Koramangala,1169452,1158300,994218,528008,515062,334904,99.1,85.8,53.1,97.5,180001,34.9,28.6,44596808,6.97,128.74,2437405,False,65.02207501232861,18.47058823529412,133.16296013185868,7.27792143420204,44.04302185981126,97.1311475409836,97.95081967213115,98.36065573770492,35.86065573770492,48.5655737704918,48.77049180327869,40.57377049180328,97.95081967213115,Very High,Moderate,Moderate
Adugodi,1191234,1182173,1005962,536543,522711,313312,99.2,85.1,53.3,97.4,209053,40.0,26.3,43890701,7.02,131.45,2338615,False,59.93981377855068,18.725071225071225,140.08624310591358,7.464173092636094,43.879791879681065,97.54098360655738,98.36065573770492,97.95081967213115,27.86885245901639,78.68852459016394,55.73770491803278,44.26229508196721,97.54098360655738,Very High,Moderate,Very High
Suddagunte Palya,1320628,1308932,1126624,542706,530825,296399,99.1,86.1,48.2,97.8,234284,44.1,22.4,39411590,7.11,129.98,2174999,False,55.83742287948006,18.281293952180025,132.96802620791567,7.338078063691173,40.19489212707894,98.36065573770492,98.77049180327869,97.54098360655738,9.631147540983607,93.44262295081968,51.229508196721305,46.31147540983606,97.1311475409836,Very High,Low,Very High
Vasanth Nagar,962005,955421,795373,423856,416058,262534,99.3,83.2,53.3,98.2,153393,36.9,27.3,35920222,7.4,132.98,2032705,False,63.10033697224906,17.97027027027027,136.82121934682746,7.742635239626106,43.249047562122854,95.90163934426229,96.72131147540983,97.1311475409836,30.737704918032787,62.295081967213115,60.245901639344254,57.17213114754098,96.72131147540983,Very High,Moderate,High
Bellanduru,1365703,1354563,1176030,447575,440185,257849,99.2,86.8,38.1,98.3,182240,41.4,18.9,44694374,9.17,160.63,2550817,False,58.57741631359542,17.51690294438386,173.33545602271096,9.892677497294928,32.23138559408598,98.77049180327869,97.1311475409836,96.72131147540983,2.2540983606557377,86.27049180327869,93.85245901639344,94.26229508196722,98.36065573770492,Very High,Low,Very High
Hoysala Nagar,703222,698197,586782,331654,326166,217110,99.3,84.0,56.5,98.3,108961,33.4,30.9,27898914,6.37,119.8,1504039,False,66.5642648222071,18.80690737833595,128.50128506287135,6.927543641472065,46.381654726387964,94.26229508196722,95.49180327868852,96.31147540983606,45.69672131147541,35.86065573770492,28.688524590163933,18.647540983606557,93.85245901639344,Very High,Moderate,Moderate
Byrasandra,624214,618914,500722,314383,308615,208058,99.2,80.9,62.8,98.2,100479,32.6,33.3,24700142,6.28,113.2,1372034,False,67.41668421820067,18.02547770700637,118.71757875207875,6.594478462736352,49.44057646896737,91.39344262295081,93.85245901639344,95.90163934426229,59.42622950819673,30.327868852459016,13.114754098360656,14.754098360655737,92.21311475409836,Very High,High,Moderate
Old Thippasandra,633865,628921,541589,315579,310219,203512,99.2,86.1,58.3,98.3,106602,34.4,32.1,27716600,7.01,129.86,1493473,False,65.60268713392796,18.524964336661913,136.19147765242346,7.33850092377845,48.9408628020162,92.62295081967213,94.67213114754098,95.49180327868852,51.84426229508197,43.23770491803279,50.409836065573764,43.44262295081967,93.0327868852459,Very High,High,Moderate
Marathahalli,1129332,1120935,942426,375796,369706,202837,99.3,84.1,39.9,98.4,166767,45.1,18.0,35748713,9.01,160.03,2011710,False,54.86440577107214,17.761376248612653,176.24355023984776,9.917865083786488,32.73669744592379,96.72131147540983,96.31147540983606,95.08196721311475,1.639344262295082,95.28688524590164,93.0327868852459,91.39344262295081,96.31147540983606,Very High,Low,Very High
Domlur,703108,698041,602252,313868,308639,201305,99.3,86.3,52.1,98.3,107215,34.7,28.6,28037082,7.06,130.78,1507904,False,65.22344875404599,18.524079320113316,139.2766299893197,7.4906435508308284,43.89638576150464,93.85245901639344,94.26229508196722,94.67213114754098,35.86065573770492,45.90163934426229,53.68852459016394,45.08196721311475,94.67213114754098,Very High,Moderate,Moderate
HRBR Layout,495908,493395,399052,284677,280474,194414,99.5,80.9,71.3,98.5,85982,30.7,39.2,24694375,6.66,120.75,1365275,False,69.31622895526857,18.13063063063063,127.0195304864876,7.022513810733795,56.55766795453996,85.65573770491804,91.80327868852459,94.26229508196722,84.42622950819673,15.983606557377051,31.557377049180328,29.098360655737704,91.80327868852459,Very High,Very High,Low
Sampangiram Nagar,918287,911485,763612,361001,355542,188850,99.3,83.8,47.3,98.5,166584,46.9,20.6,28029607,7.69,137.83,1592800,False,53.116087550837875,17.92327698309493,148.4225946518401,8.434207042626424,38.71796072469718,95.49180327868852,95.90163934426229,93.85245901639344,4.918032786885246,96.72131147540983,66.80327868852459,65.98360655737704,94.26229508196722,Very High,Low,Very High
Madivala,751268,742961,621190,322177,315216,187691,98.9,83.6,51.9,97.8,127466,40.4,25.0,23498153,6.69,123.51,1283390,False,59.543614537333134,18.46188340807175,125.19594972587923,6.837781246836556,41.9578632392169,94.67213114754098,95.08196721311475,93.44262295081968,23.15573770491803,80.5327868852459,37.704918032786885,31.147540983606557,90.57377049180327,Very High,Low,Very High
Gandhinagar,583453,577642,409590,298294,292759,183335,99.0,70.9,72.8,98.1,109334,37.4,31.4,27800422,8.46,153.09,1574607,False,62.62318152473536,18.095744680851062,151.63728693375515,8.588687375569313,50.17696369716156,88.9344262295082,93.0327868852459,93.0327868852459,48.97540983606557,65.77868852459017,87.29508196721312,81.55737704918032,93.44262295081968,Very High,Moderate,High
Aramane Nagara,546489,542221,416957,285980,279386,180884,99.2,76.9,68.6,97.7,98438,35.2,33.1,24979189,7.22,128.38,1425382,False,64.74340160208457,17.781163434903046,138.09507197983237,7.880088896751509,51.12381036031832,87.70491803278688,91.39344262295081,92.62295081967213,58.606557377049185,50.81967213114754,47.950819672131146,50.0,92.62295081967213,Very High,High,High
Jakkuru,629076,624824,485812,297748,291553,179670,99.3,77.8,61.3,97.9,111831,38.4,28.6,29913410,8.89,154.35,1743306,False,61.62515906198873,17.362204724409448,166.49084432570825,9.702821840040073,46.34622843662769,91.80327868852459,92.62295081967213,92.21311475409836,35.86065573770492,69.26229508196722,88.9344262295082,88.9344262295082,95.90163934426229,Very High,Moderate,High
Vinayakanagar,564655,559717,461557,280715,275406,173474,99.1,82.5,60.8,98.1,101845,37.0,30.7,23202000,7.48,133.85,1292724,False,62.98846067260698,17.894385026737964,133.74914972848958,7.4519755121805,48.77420725929993,88.52459016393442,90.98360655737704,91.80327868852459,43.44262295081967,63.31967213114754,62.295081967213115,59.63114754098361,90.1639344262295,Very High,Moderate,High
J P Nagar,526581,522247,423506,272513,266903,172802,99.2,81.1,64.3,97.9,93999,35.2,32.8,21453148,6.45,116.66,1186151,False,64.74337118728528,18.086821705426356,124.14872513049617,6.864220321524057,50.68602930983077,86.88524590163934,90.1639344262295,91.39344262295081,55.73770491803278,50.81967213114754,20.901639344262296,21.311475409836063,88.11475409836066,Very High,High,High
Whitefield,838663,831606,684364,286103,281317,170977,99.2,82.3,41.8,98.3,110293,39.2,20.4,29280129,8.52,151.14,1679399,False,60.77734370834326,17.739436619718308,171.2518584370997,9.822367920831457,33.54350913298906,95.08196721311475,92.21311475409836,90.98360655737704,4.508196721311475,73.77049180327869,85.24590163934425,83.60655737704919,95.08196721311475,Very High,Low,High
Munnekollala,993367,983688,831207,302856,297146,166505,99.0,84.5,36.4,98.1,130590,44.0,16.8,29576393,9.04,159.13,1687327,False,56.03474386328606,17.602876106194692,177.63065973994776,10.133791778024683,29.913013015330687,96.31147540983606,93.44262295081968,90.57377049180327,1.2295081967213115,93.0327868852459,92.21311475409836,92.82786885245902,95.49180327868852,Very High,Low,Very High
Ejipura,595161,589132,496076,273619,268768,163779,99.0,84.2,55.2,98.2,104902,39.0,27.5,21092572,6.47,122.29,1148191,False,60.936941897844974,18.90108191653787,128.78679195745485,7.010611861105514,45.15887297722801,90.1639344262295,90.57377049180327,90.1639344262295,32.37704918032787,72.74590163934425,35.65573770491803,21.721311475409834,87.29508196721312,Very High,Moderate,High
Jeevanbhima Nagar,658033,652625,563304,269919,264220,160433,99.2,86.3,47.9,97.9,103743,39.3,24.4,24369066,8.39,149.77,1367391,False,60.71947619408069,17.851013110846246,151.89559504590702,8.523128034755942,40.153001445216276,93.0327868852459,89.75409836065575,89.75409836065575,19.262295081967213,74.79508196721312,84.01639344262296,79.71311475409836,91.39344262295081,Very High,Low,High
Kempapura,467690,464839,360926,240038,235067,150852,99.4,77.6,66.5,97.9,84173,35.8,32.3,22886452,8.28,145.63,1322285,False,64.17404399596711,17.58816425120773,151.71460769495928,8.7654456023122,50.261284183968016,82.78688524590164,88.52459016393442,89.34426229508196,53.68852459016394,54.91803278688525,77.8688524590164,77.45901639344262,89.75409836065575,Very High,High,High
HSR - Singasandra,633334,627352,520343,255679,250108,145339,99.1,82.9,49.1,97.8,104704,41.9,22.9,21487915,7.91,141.29,1209859,False,58.11049626561326,17.862199747155497,147.84686147558466,8.324393314939556,39.490695272952344,92.21311475409836,89.34426229508196,88.9344262295082,13.319672131147541,88.9344262295082,71.72131147540983,70.69672131147541,88.52459016393442,Very High,Low,Very High
Shakambari Nagar,404779,401530,310798,215522,211098,143850,99.2,77.4,69.3,97.9,67203,31.8,35.5,16847054,6.29,114.15,935402,False,68.14370576698974,18.14785373608903,117.11542579075426,6.502620785540493,52.15142089881145,81.9672131147541,85.65573770491804,88.52459016393442,70.69672131147541,23.565573770491806,16.39344262295082,15.163934426229508,80.32786885245902,Very High,High,Low
New Thippasandra,514162,509398,430195,216416,212511,141334,99.1,84.5,50.3,98.2,71126,33.5,27.5,20334402,7.57,135.66,1138133,False,66.5066749485909,17.920739762219284,143.87480719430567,8.052789845330919,41.3315258614989,86.0655737704918,86.0655737704918,88.11475409836066,32.37704918032787,36.885245901639344,63.52459016393443,62.295081967213115,86.0655737704918,Very High,Moderate,Moderate
Hudi,624101,619409,505072,241433,237996,139066,99.3,81.5,47.8,98.6,98878,41.5,22.3,24067402,8.59,152.37,1376861,False,58.43207448864687,17.738067520372528,173.0646024189953,9.900773733335251,38.1342122509017,90.98360655737704,88.9344262295082,87.70491803278688,8.811475409836065,87.29508196721312,86.88524590163934,85.24590163934425,90.98360655737704,Very High,Low,Very High
Ulsoor,591305,586928,509987,234286,231034,137688,99.3,86.9,45.9,98.6,93291,40.4,23.3,19496628,7.28,132.34,1087433,False,59.59642303730187,18.178571428571427,141.60005229213874,7.8978051827319735,39.07188337659922,89.34426229508196,88.11475409836066,87.29508196721312,15.163934426229508,80.5327868852459,58.19672131147541,53.68852459016394,84.8360655737705,Very High,Low,Very High
Horamavu,474215,471298,373096,217363,213193,134402,99.4,79.2,58.3,98.1,78766,37.0,28.3,21419228,8.54,149.94,1243702,False,63.04240758373868,17.557377049180328,159.36688442136278,9.253597416705109,44.95703425661356,84.8360655737705,86.47540983606558,86.88524590163934,33.40163934426229,63.31967213114754,84.42622950819673,84.01639344262296,87.70491803278688,Very High,Moderate,High
C V Raman Nagar,553745,549626,443121,223614,220398,133108,99.3,80.6,50.5,98.6,87237,39.6,24.0,18927535,7.35,132.29,1061714,False,60.39437744444142,17.998639455782314,142.19682513447728,7.9763350061604115,39.80135260814996,88.11475409836066,86.88524590163934,86.47540983606558,17.62295081967213,76.63934426229508,57.786885245901644,56.35245901639344,84.42622950819673,Very High,Low,Very High
BTM Layout,592216,586375,486876,231084,225865,131673,99.0,83.0,47.5,97.7,94148,41.7,22.2,17159245,6.85,126.39,944612,False,58.29721293693135,18.45109489051095,130.31711132882216,7.173923279639713,38.13895605657395,89.75409836065575,87.70491803278688,86.0655737704918,7.786885245901639,88.52459016393442,44.26229508196721,36.885245901639344,80.73770491803278,Very High,Low,Very High
AECS Layout,676398,671200,554146,225651,222152,131372,99.2,82.6,40.7,98.4,90735,40.8,19.4,21664546,7.79,141.87,1221715,False,59.136087003493095,18.21181001283697,164.9099199220534,9.299660506043907,32.84338510758459,93.44262295081968,87.29508196721312,85.65573770491804,3.278688524590164,83.19672131147541,72.1311475409836,68.0327868852459,89.34426229508196,Very High,Low,Very High
Banasavadi,399496,396889,320276,196872,193129,129571,99.4,80.7,61.5,98.1,63520,32.9,32.4,18119313,7.33,131.58,1027738,False,67.0903903608469,17.950886766712145,139.84080542714034,7.931852034791736,48.343162384604604,80.73770491803278,83.60655737704919,85.24590163934425,54.50819672131148,31.557377049180328,56.14754098360656,55.5327868852459,83.60655737704919,Very High,High,Moderate
Hennur,415505,412861,318728,206331,202957,129335,99.4,77.2,64.7,98.4,73580,36.3,31.1,18050307,7.26,130.63,1026125,False,63.7253211271353,17.993112947658403,139.56243089650906,7.933853945181119,48.845862263992004,82.37704918032787,84.8360655737705,84.8360655737705,47.540983606557376,57.377049180327866,52.86885245901639,53.07377049180327,82.78688524590164,Very High,Moderate,High
N S Palya,467723,462917,382404,202109,197602,128229,99.0,82.6,52.8,97.8,69328,35.1,27.4,16804588,7.29,131.77,932215,False,64.89256181617596,18.07544581618656,131.05138463218148,7.269923340274041,42.24765512921109,83.19672131147541,84.42622950819673,84.42622950819673,31.557377049180328,49.795081967213115,56.557377049180324,54.09836065573771,79.91803278688525,Very High,Moderate,Moderate
Dodda Nekkundi,607388,602318,496200,214444,210757,127586,99.2,82.4,43.2,98.3,83119,39.4,21.0,21582457,8.44,148.42,1235186,False,60.537016564099886,17.585308056872037,169.16007242173907,9.681203266816109,34.69890745289666,90.57377049180327,85.24590163934425,84.01639344262296,5.532786885245901,75.40983606557377,81.14754098360656,80.94262295081968,88.9344262295082,Very High,Low,Very High
Jnana Bharathi,319314,316723,227074,186083,182666,125721,99.2,71.7,82.0,98.2,56904,31.1,39.4,16382506,7.13,124.87,947899,False,68.82561615188376,17.513323983169705,130.30842898163394,7.539702993135594,57.205759847673455,74.18032786885246,79.91803278688525,83.60655737704919,85.45081967213115,17.62295081967213,40.57377049180328,47.74590163934426,79.09836065573771,High,Very High,Low
Sarakki,340594,337939,269400,193160,188967,125071,99.2,79.7,71.7,97.8,63821,33.8,36.7,14915086,6.07,111.14,813727,False,66.18668868109246,18.30971993410214,119.25295232308049,6.506120523542628,55.481599793302294,76.22950819672131,81.9672131147541,83.19672131147541,75.0,39.549180327868854,8.60655737704918,7.172131147540983,77.04918032786885,Very High,High,Moderate
Subramanyapura,355850,352874,269420,186568,182249,124196,99.2,76.4,69.3,97.7,58020,31.8,34.9,17248916,7.97,139.95,998378,False,68.14632727751592,17.559598494353825,138.88463396566718,8.038729105607265,51.21511872980188,77.8688524590164,79.09836065573771,82.78688524590164,66.59836065573771,23.565573770491806,69.26229508196722,71.92622950819673,81.14754098360656,Very High,High,Low
Pulikeshinagar,372621,370303,305602,186689,184193,122558,99.4,82.5,61.1,98.7,61553,33.4,32.9,14606750,5.85,110.85,795966,False,66.53781631223771,18.94871794871795,119.18234631766184,6.494606635225771,49.43172821714289,78.68852459016394,80.32786885245902,82.37704918032787,56.557377049180324,35.86065573770492,7.377049180327869,4.098360655737705,76.63934426229508,Very High,High,Moderate
Kalkere,474310,471110,380594,195394,192404,121528,99.3,80.8,51.3,98.5,70832,36.8,25.6,19739152,8.75,154.38,1134101,False,63.16292800565477,17.643428571428572,162.42472516621683,9.332014021460076,40.56503130863781,85.24590163934425,82.78688524590164,81.9672131147541,25.614754098360653,61.270491803278695,89.34426229508196,87.70491803278688,85.24590163934425,Very High,Moderate,High
Ibluru,529396,524454,451357,196173,192428,120717,99.1,86.1,43.5,98.1,71676,37.3,22.8,18702426,8.26,146.46,1052691,False,62.733593863678884,17.73123486682809,154.92785606004125,8.720321081537811,36.348593491450636,87.29508196721312,83.19672131147541,81.55737704918032,12.5,64.95901639344262,79.50819672131148,77.04918032786885,84.01639344262296,Very High,Low,High
Kalena Agrahara,470987,465367,374447,189087,185254,120613,98.8,80.5,50.5,98.0,64607,34.9,25.6,20590403,9.98,172.89,1198826,False,65.10682630334568,17.323647294589176,170.71462446004992,9.939442680308092,39.33314507619106,84.01639344262296,80.73770491803278,81.14754098360656,25.614754098360653,48.5655737704918,97.54098360655738,97.54098360655738,86.88524590163934,Very High,Moderate,Moderate
Vishveshwara Puram,387229,384832,294439,190086,186643,120170,99.4,76.5,64.6,98.2,66426,35.6,31.0,14185350,6.65,120.04,795860,False,64.38494880600933,18.05112781954887,118.04402097029208,6.622784388782558,48.19964413822312,79.50819672131148,81.14754098360656,80.73770491803278,46.51639344262295,53.278688524590166,29.098360655737704,28.278688524590162,75.40983606557377,Very High,Moderate,High
Rajarajeshwari Nagar,297997,295464,208838,174366,170354,119567,99.2,70.7,83.5,97.7,50761,29.8,40.1,17302405,7.97,137.66,1013757,False,70.18737452598707,17.272271016311166,144.7088661587227,8.478568501342343,57.16634731222127,72.95081967213115,78.68852459016394,80.32786885245902,87.90983606557377,12.90983606557377,65.98360655737704,71.92622950819673,81.9672131147541,High,Very High,Low
Hulimavu,399563,395970,317072,186245,182318,119094,99.1,80.1,58.7,97.9,63188,34.7,29.8,17254752,7.91,141.18,979150,False,65.3221294660977,17.848293299620735,144.88347020001007,8.221656842494165,45.62935006494595,81.14754098360656,79.50819672131148,79.91803278688525,42.21311475409836,45.90163934426229,71.31147540983606,70.69672131147541,81.55737704918032,Very High,Moderate,Moderate
Mahadevapura,519993,516186,422924,197874,195067,116959,99.3,81.9,46.8,98.6,78061,40.0,22.5,18052185,7.57,137.16,1018123,False,59.9583732768741,18.11889035667107,154.34626664044666,8.704956437726041,37.513389603321585,86.47540983606558,84.01639344262296,79.50819672131148,10.450819672131148,78.68852459016394,65.57377049180327,62.295081967213115,83.19672131147541,Very High,Low,Very High
Belathur,473171,468835,359181,189652,186679,115788,99.1,76.6,52.8,98.4,70818,37.9,24.5,19751448,8.71,153.6,1138460,False,62.025187621532154,17.634902411021812,170.5828583272878,9.832279683559609,39.45275598039609,84.42622950819673,81.55737704918032,79.09836065573771,20.28688524590164,67.41803278688525,88.52459016393442,87.29508196721312,85.65573770491804,Very High,Low,High
Rupenaagrahara,468424,464133,386058,195007,190728,111611,99.1,83.2,50.5,97.8,79081,41.5,23.8,16717199,7.96,142.96,948513,False,58.51841365714525,17.959798994974875,149.7809266111763,8.498382775891265,40.7169572865609,83.60655737704919,82.37704918032787,78.68852459016394,16.188524590163937,87.29508196721312,73.77049180327869,71.31147540983606,79.50819672131148,Very High,Low,Very High
Byatarayanapura,326788,324286,247453,172205,168796,110246,99.2,76.3,69.6,98.0,58518,34.7,33.7,17387578,8.48,148.43,1012272,False,65.31315907959905,17.503537735849058,157.7161801788727,9.181938573735101,51.65305947586815,75.40983606557377,78.27868852459017,78.27868852459017,62.5,45.90163934426229,81.55737704918032,82.58196721311475,82.37704918032787,Very High,High,Moderate
Jogupalya,352576,349570,298481,165972,163111,108242,99.2,85.4,55.6,98.3,54840,33.6,30.7,13870184,6.39,118.33,764262,False,66.36094438756429,18.517996870109545,128.14049999076144,7.0606788492452095,46.26264975494645,77.45901639344262,77.45901639344262,77.8688524590164,43.44262295081967,38.114754098360656,25.81967213114754,19.4672131147541,75.0,Very High,Moderate,Moderate
Hemmigepura,324225,318922,224149,161678,158827,106777,98.4,70.3,72.1,98.2,52002,32.7,32.9,15755609,8.48,146.23,924865,False,67.22849389587412,17.244103773584904,147.55620592449685,8.661649980801108,48.98666049811088,75.0,75.81967213114754,77.45901639344262,56.557377049180324,30.737704918032787,79.09836065573771,82.58196721311475,78.68852459016394,High,High,Moderate
Babusab Palya,387542,384927,315006,171652,168721,105895,99.3,81.8,54.5,98.3,62790,37.2,27.3,15117374,7.23,131.09,854485,False,62.7633785954327,18.131396957123098,142.7581472213041,8.06917229330941,43.53618446516765,79.91803278688525,77.8688524590164,77.04918032786885,30.737704918032787,64.13934426229508,54.50819672131148,50.81967213114754,77.45901639344262,Very High,Moderate,High
Kogilu,323620,320789,221308,164071,159915,104384,99.1,69.0,74.1,97.5,55521,34.7,32.3,20501848,11.34,190.25,1229470,False,65.27467717224775,16.77689594356261,196.4079552421827,11.778337676272226,49.41443668500093,74.59016393442623,76.63934426229508,76.63934426229508,53.68852459016394,45.90163934426229,99.18032786885246,99.59016393442623,86.47540983606558,High,High,Moderate
Konena Agrahara,398931,395259,335826,162443,159894,102850,99.1,85.0,48.4,98.4,57016,35.7,25.8,15286571,8.17,146.2,859142,False,64.32386456027118,17.89473684210526,148.62976178901312,8.353349538162373,40.080615444776164,80.32786885245902,76.22950819672131,76.22950819672131,26.84426229508197,53.893442622950815,78.68852459016394,74.59016393442623,78.27868852459017,Very High,Moderate,High
Konanakunte,288519,286472,217972,158009,154765,101021,99.3,76.1,72.5,97.9,53684,34.7,35.0,12839437,6.87,122.45,720459,False,65.27380221626336,17.82387190684134,127.09671256471427,7.131774581522654,53.64118134334307,70.49180327868852,75.40983606557377,75.81967213114754,68.0327868852459,45.90163934426229,36.0655737704918,37.90983606557377,72.95081967213115,High,High,Moderate
Sunkenahalli,266613,264632,207272,151687,148854,100920,99.3,78.3,73.2,98.1,47886,32.2,37.9,12127955,6.41,114.38,686467,False,67.7979765407715,17.84399375975039,120.17394966309948,6.8020907649623465,55.83148608657492,69.26229508196722,74.18032786885246,75.40983606557377,79.91803278688525,27.25409836065574,18.0327868852459,20.69672131147541,71.31147540983606,High,Very High,Moderate
Kadu Malleshwara,234374,232026,177602,142192,139524,100728,99.0,76.5,80.1,98.1,38757,27.8,43.0,12911553,7.26,127.05,743775,False,72.19403113442849,17.5,128.18236240171552,7.383994519895163,59.53049399677438,64.34426229508196,72.95081967213115,75.0,96.51639344262296,5.532786885245901,45.49180327868852,53.07377049180327,73.36065573770492,High,Very High,Low
Subhash Nagar,312008,308910,215494,163133,160185,96108,99.0,69.8,75.7,98.2,64030,40.0,30.8,15244495,8.63,153.3,865902,False,59.99812716546493,17.76361529548088,158.6183772422691,9.009676613809464,51.340029742827106,73.77049180327869,77.04918032786885,74.59016393442623,44.67213114754098,78.68852459016394,88.11475409836066,85.65573770491804,77.8688524590164,High,Moderate,Very High
Radhakrishna Temple Ward,235760,234113,181242,142398,138698,94980,99.3,77.4,78.6,97.4,43684,31.5,40.3,13095032,7.4,130.61,749821,False,68.47971852514095,17.650000000000002,137.87146767740578,7.894514634659928,58.83016627078385,64.75409836065575,72.54098360655738,74.18032786885246,89.34426229508196,19.87704918032787,52.459016393442624,57.17213114754098,74.59016393442623,High,Very High,Low
Amrutahalli,290243,288253,221378,144297,141512,90988,99.3,76.8,65.2,98.1,50503,35.7,31.4,14484899,8.49,149.11,840939,False,64.29702074735711,17.56301531213192,159.19570712621444,9.242306677803667,48.7563868896063,70.90163934426229,73.36065573770492,73.77049180327869,48.97540983606557,53.893442622950815,82.58196721311475,83.19672131147541,76.22950819672131,High,Moderate,High
Nagapura,224785,222670,157606,134768,132094,90419,99.1,70.8,85.5,98.0,41635,31.5,40.2,11369271,6.8,120.42,647417,False,68.45049737308281,17.708823529411767,125.73984450170872,7.160187571196319,58.764597281847095,61.885245901639344,70.90163934426229,73.36065573770492,88.52459016393442,19.87704918032787,30.327868852459016,35.65573770491803,68.85245901639344,High,Very High,Low
Lingarajapura,247617,246121,206967,134855,133228,89020,99.4,84.1,65.2,98.8,44176,33.2,35.9,11030167,6.22,115.48,611475,False,66.81778605098027,18.565916398713828,123.90661649067626,6.868962031004268,53.80406030280634,68.0327868852459,71.72131147540983,72.95081967213115,71.51639344262296,33.60655737704918,19.672131147540984,11.885245901639344,68.0327868852459,High,High,Moderate
Devasandra,328961,326957,269416,153505,151453,88876,99.4,82.4,57.0,98.7,62507,41.3,27.0,14425616,7.7,139.96,793244,False,58.68223145134134,18.17662337662338,162.3117151987038,8.925289166929204,46.039804110517665,75.81967213114754,74.59016393442623,72.54098360655738,29.918032786885245,85.65573770491804,69.67213114754098,66.39344262295081,75.81967213114754,Very High,Moderate,Very High
Arakere,297635,295178,236337,134482,131785,88063,99.2,80.1,56.9,98.0,43700,33.2,29.6,12750606,7.82,139.77,726830,False,66.82323481428084,17.873401534526856,144.78959381351987,8.253523046001158,44.277386732071164,72.54098360655738,70.08196721311475,72.1311475409836,41.39344262295082,33.60655737704918,68.85245901639344,68.44262295081968,72.54098360655738,High,Moderate,Moderate
Bilekhalli,341292,337884,279585,138524,135758,86611,99.0,82.7,49.5,98.0,49113,36.2,25.4,12355272,8.19,144.87,696746,False,63.79808188099412,17.68864468864469,142.65245754003533,8.044543995566382,39.77766838953155,76.63934426229508,72.1311475409836,71.72131147540983,25.0,56.557377049180324,77.45901639344262,75.20491803278688,72.1311475409836,Very High,Low,High
Lal Bahadur Nagar,298439,296273,233434,130990,128841,85453,99.3,78.8,56.1,98.4,43354,33.7,28.6,11787280,7.19,129.9,663330,False,66.32438431865633,18.066759388038943,137.93874995611623,7.762512726293986,43.171636414811736,73.36065573770492,69.67213114754098,71.31147540983606,35.86065573770492,38.9344262295082,50.81967213114754,49.18032786885246,69.67213114754098,High,Moderate,Moderate
Hombegowda Nagara,297006,295059,242405,134879,132613,84882,99.3,82.2,55.6,98.3,47700,36.0,28.6,10291927,6.4,119.14,572545,False,64.00729943519866,18.615624999999998,121.24981739355812,6.745187436676798,44.649939731857266,72.1311475409836,71.31147540983606,70.90163934426229,35.86065573770492,55.942622950819676,27.049180327868854,20.081967213114755,65.57377049180327,High,Moderate,High
Sanjaya Nagar,232325,230554,173003,126576,123907,84364,99.2,75.0,73.2,97.9,39515,31.9,36.3,11950621,7.31,130.66,690457,False,68.08654878255466,17.874145006839946,141.65545730406333,8.184261059219573,53.33347681050253,63.114754098360656,68.85245901639344,70.49180327868852,73.5655737704918,25.81967213114754,53.278688524590166,54.50819672131148,70.90163934426229,High,High,Moderate
Jalakanteshwara Nagara,341355,338254,285154,127964,126460,84108,99.1,84.3,44.9,98.8,42323,33.5,24.6,12321916,8.16,146.14,690292,False,66.50956824292267,17.909313725490193,146.501117610691,8.207209777904598,37.04647654201638,77.04918032786885,69.26229508196722,70.08196721311475,21.10655737704918,36.885245901639344,78.27868852459017,74.18032786885246,71.72131147540983,Very High,Low,Moderate
Subramanya Nagar,227183,224956,167526,134840,132053,84018,99.0,74.5,80.5,97.9,47975,36.3,37.0,11620465,7.33,130.39,658156,False,63.62445381778529,17.788540245566164,138.3092313551858,7.8335118665047965,58.12626825070538,62.704918032786885,70.49180327868852,69.67213114754098,76.63934426229508,57.377049180327866,51.63934426229508,55.5327868852459,69.26229508196722,High,Very High,High
A Narayanapura,380520,378236,297503,150915,148604,83641,99.4,78.7,50.7,98.5,64929,43.7,22.0,12960687,7.84,144.2,724832,False,56.2844876315577,18.392857142857142,154.95614590930285,8.665989167991775,39.05287501313992,79.09836065573771,73.77049180327869,69.26229508196722,6.967213114754098,92.21311475409836,74.59016393442623,69.4672131147541,73.77049180327869,Very High,Low,Very High
Dharmaraya Swamy Temple Ward,366440,364066,297903,156645,154173,81338,99.4,81.8,52.6,98.4,72800,47.2,22.2,11791632,8.25,144.28,677451,False,52.757616443865004,17.48848484848485,144.97076397255896,8.328837689640759,42.07319069970527,78.27868852459017,75.0,68.85245901639344,7.786885245901639,97.1311475409836,75.40983606557377,76.63934426229508,70.08196721311475,Very High,Low,Very High
Ganesh Mandir ward,194825,193315,148871,117351,115021,81053,99.2,77.0,78.8,98.0,33945,29.5,41.6,9225801,6.34,114.06,518193,False,70.46800149537911,17.990536277602523,113.82430014928504,6.3932611994620805,59.03811112536892,54.50819672131148,66.80327868852459,68.44262295081968,92.00819672131148,11.475409836065573,15.983606557377051,17.62295081967213,61.065573770491795,High,Very High,Low
Maruthi Seva Nagar,242742,241202,199286,122196,120619,77966,99.4,82.6,61.3,98.7,42616,35.3,32.1,10465501,6.83,125.11,588080,False,64.6382410731311,18.317715959004392,134.23160095426212,7.542775055793551,49.6902060624037,66.39344262295081,68.0327868852459,68.0327868852459,51.84426229508197,51.84426229508197,41.39344262295082,36.27049180327869,66.80327868852459,High,High,High
Yediyur,217584,215964,173558,116380,114022,77289,99.3,80.4,67.1,98.0,36701,32.2,35.5,9336611,6.16,111.86,524159,False,67.7842872428128,18.15909090909091,120.80129125748813,6.78180594910013,52.40366938745497,59.01639344262295,65.98360655737704,67.62295081967213,70.69672131147541,27.25409836065574,9.01639344262295,10.040983606557377,62.295081967213115,High,High,Moderate
RBI layout,238409,236384,191958,114847,112912,75034,99.2,81.2,59.8,98.3,37859,33.5,31.5,10308499,7.74,138.01,586125,False,66.45352132634264,17.830749354005167,137.38437241783726,7.811458805341578,47.36062816420521,65.57377049180327,65.57377049180327,67.21311475409836,49.59016393442623,36.885245901639344,67.21311475409836,67.41803278688525,65.98360655737704,High,Moderate,Moderate
Basavanagudi,186676,185269,141789,107661,105222,74855,99.3,76.5,75.9,97.7,30342,28.8,40.1,8739365,5.93,106.91,494307,False,71.1400657657144,18.02866779089376,116.75058446329571,6.603526818515797,56.36611026591527,52.86885245901639,63.52459016393443,66.80327868852459,87.90983606557377,9.221311475409836,3.278688524590164,5.737704918032787,56.557377049180324,High,Very High,Low
Ashoka Pillar,240165,238394,193374,116459,114382,74768,99.3,81.1,60.2,98.2,39588,34.6,31.1,8892465,6.24,113.58,495915,False,65.3669283628543,18.201923076923077,118.93410282473785,6.632717205221486,47.626423500510064,65.98360655737704,66.39344262295081,66.39344262295081,47.540983606557376,44.26229508196721,14.344262295081966,12.295081967213115,58.606557377049185,High,Moderate,Moderate
Shanthi Nagar,295377,293117,250398,119619,117491,74214,99.2,85.4,47.8,98.2,43247,36.8,25.1,8832651,6.12,113.8,489106,False,63.16568928683899,18.594771241830063,119.01596733769908,6.590481580294823,39.77662444943242,71.72131147540983,67.21311475409836,65.98360655737704,23.770491803278688,61.270491803278695,14.754098360655737,9.221311475409836,57.786885245901644,High,Low,High
Hebbala,210018,208859,160264,113237,111227,74191,99.5,76.7,70.7,98.2,37015,33.3,35.3,10451800,7.18,128.16,600960,False,66.70232947036241,17.84958217270195,140.87692577266785,8.100173875537465,52.96069860678608,57.786885245901644,65.1639344262295,65.57377049180327,70.08196721311475,34.83606557377049,47.540983606557376,48.77049180327869,66.39344262295081,High,High,Moderate
Jakkasandra,293539,290421,234646,122559,120381,71542,98.9,80.8,52.2,98.2,48812,40.6,24.4,10009357,7.65,137.15,561808,False,59.429644212957186,17.9281045751634,139.9088227894104,7.852841687400408,41.01022351374093,71.31147540983606,67.62295081967213,65.1639344262295,19.262295081967213,82.58196721311475,65.1639344262295,64.75409836065575,64.34426229508196,High,Low,Very High
Vasanthpura,197481,195766,146501,106645,104593,71270,99.1,74.8,72.8,98.1,33305,31.8,36.1,9166566,7.22,127.94,522826,False,68.14031531746866,17.7202216066482,128.61745474954398,7.3358495860811,52.96357624277779,55.32786885245902,63.114754098360656,64.75409836065575,72.74590163934425,23.565573770491806,46.72131147540984,50.0,60.65573770491803,High,High,Low
Chatrapati Shivaji,246998,245430,168460,123534,121287,70969,99.4,68.6,73.3,98.2,50282,41.5,28.7,11852321,10.02,176.51,684706,False,58.51327842225466,17.615768463073852,167.00701714833238,9.647958968000113,49.10444618984769,67.62295081967213,68.44262295081968,64.34426229508196,37.704918032786885,87.29508196721312,98.36065573770492,97.95081967213115,70.49180327868852,High,Moderate,Very High
Ganga Nagar,188574,187413,143991,105956,103887,70862,99.4,76.8,73.6,98.0,33000,31.8,37.6,9141119,6.67,120.88,517686,False,68.21065195837785,18.122938530734633,128.99888515706584,7.305551635573368,55.09083967036813,53.278688524590166,62.295081967213115,63.934426229508205,78.48360655737704,23.565573770491806,31.967213114754102,29.918032786885245,60.245901639344254,High,Very High,Low
Veeramadakari,220637,219153,162699,111091,108624,70763,99.3,74.2,68.3,97.8,37831,34.8,32.1,9332952,7.09,125.9,537835,False,65.14490352040065,17.7574047954866,131.89028164436218,7.600511566779249,49.23199644665219,60.245901639344254,64.75409836065575,63.52459016393443,51.84426229508197,47.74590163934426,42.21311475409836,45.90163934426229,61.885245901639344,High,High,Moderate
Kodigehalli,196145,194961,149308,107883,105725,70564,99.4,76.6,72.3,98.0,35140,33.2,36.0,10230486,7.6,133.63,593640,False,66.74296524000945,17.582894736842107,144.9816620372995,8.4127883906808,53.90145045756965,54.91803278688525,63.934426229508205,63.114754098360656,72.1311475409836,33.60655737704918,61.885245901639344,63.114754098360656,64.75409836065575,High,High,Moderate
Chunchaghatta,217645,215880,168160,102629,100846,69785,99.2,77.9,61.0,98.3,31050,30.8,32.1,9809361,8.04,142.83,561909,False,69.19957162406045,17.764925373134332,140.56546535788493,8.052002579350864,46.335086953525234,59.42622950819673,59.42622950819673,62.704918032786885,51.84426229508197,16.39344262295082,72.95081967213115,73.15573770491804,63.52459016393443,High,High,Low
Girinagar,151298,150124,109429,94526,92674,68559,99.2,72.9,86.4,98.0,24098,26.0,45.3,8120554,6.16,110.86,464514,False,73.97867794634956,17.996753246753247,118.44621420965883,6.775390539535291,61.25262726539676,45.08196721311475,54.91803278688525,62.295081967213115,99.18032786885246,1.2295081967213115,7.786885245901639,10.040983606557377,52.86885245901639,Moderate,Very High,Low
Vidyaranyapura,162334,161161,115878,94688,92989,68434,99.3,71.9,81.7,98.2,24532,26.4,42.2,10260458,8.23,142.87,601776,False,73.5936508619299,17.35965978128797,149.9321682204752,8.793523687056142,57.28251629356759,48.36065573770492,55.32786885245902,61.885245901639344,95.90163934426229,1.8442622950819672,73.36065573770492,76.02459016393442,65.1639344262295,Moderate,Very High,Low
Puttenahalli - Sarakki Lake,207078,205166,162436,105664,103627,68322,99.1,79.2,65.0,98.1,35287,34.1,33.0,8925759,6.89,124.26,502544,False,65.93069373811844,18.034833091436866,130.64253095635374,7.355522379321449,50.04249606428496,56.9672131147541,61.885245901639344,61.47540983606557,57.786885245901644,40.98360655737705,39.75409836065574,38.72950819672131,59.01639344262295,High,High,Moderate
Vijnana Nagar,284810,282184,236325,102203,100939,67616,99.1,83.7,43.3,98.8,33306,33.0,23.7,10484765,8.31,148.27,591561,False,66.98699214377,17.842358604091455,155.06337257453856,8.748831637482253,35.44082019592009,70.08196721311475,59.83606557377049,61.065573770491795,15.573770491803279,32.58196721311475,80.73770491803278,78.89344262295081,67.21311475409836,High,Low,Moderate
Ramamurthy Nagara,232429,231146,181021,102245,100972,66479,99.5,78.3,56.5,98.8,34467,34.1,28.6,9319066,7.22,130.58,526973,False,65.83904448758071,18.085872576177287,140.18059838445222,7.926909249537448,43.442083388905864,63.52459016393443,60.245901639344254,60.65573770491803,35.86065573770492,40.98360655737705,52.04918032786885,50.0,61.47540983606557,High,Moderate,Moderate
Kacharkanahalli,191730,190608,151235,100993,99607,65419,99.4,79.3,66.8,98.6,34157,34.3,34.1,8339738,6.79,123.42,468312,False,65.67711104641239,18.176730486008836,127.48189363946254,7.158654213607668,51.95170291555834,53.68852459016394,59.01639344262295,60.245901639344254,64.34426229508196,42.41803278688525,37.295081967213115,34.83606557377049,54.09836065573771,High,High,Moderate
New Bayappanahalli,254107,252254,209679,108901,107300,65408,99.3,83.1,51.9,98.5,41874,39.0,25.7,8828102,6.72,121.67,495902,False,60.958061509785644,18.105654761904763,134.96975905088064,7.581671966731898,42.226306241071676,68.44262295081968,64.34426229508196,59.83606557377049,26.229508196721312,72.74590163934425,34.01639344262295,32.17213114754098,57.377049180327866,High,Moderate,High
Uttarahalli,186490,185055,140087,98160,95735,65255,99.2,75.7,70.1,97.5,30463,31.8,35.0,8320142,7.63,135.69,473598,False,68.16211416932157,17.783748361730012,127.50198452225884,7.257650754731438,51.33519223550861,52.459016393442624,57.786885245901644,59.42622950819673,68.0327868852459,23.565573770491806,63.934426229508205,63.729508196721305,53.68852459016394,High,High,Low
Begur,265563,263194,209042,106436,104409,65013,99.1,79.4,50.9,98.1,39383,37.7,24.5,10898601,9.51,165.47,632169,False,62.267620607418905,17.39957939011567,167.63725716395183,9.723732176641596,39.316094486054155,68.85245901639344,62.704918032786885,59.01639344262295,20.28688524590164,66.80327868852459,95.08196721311475,94.67213114754098,67.62295081967213,High,Low,High
Kaval Bairasandra,193601,192567,152405,97995,96136,63841,99.5,79.1,64.3,98.1,32275,33.6,33.0,8533133,6.86,124.91,483576,False,66.40696513272863,18.208454810495624,133.66227032784573,7.574693378863113,49.656768301816626,54.09836065573771,58.19672131147541,58.606557377049185,57.786885245901644,38.114754098360656,40.98360655737705,37.295081967213115,55.32786885245902,High,High,Moderate
Malleswaram,166854,165380,122220,93842,91944,63512,99.1,73.9,76.8,98.0,28406,30.9,38.1,7687376,6.73,120.55,436550,False,69.07682937440181,17.91233283803863,121.03816601587101,6.873504219675022,55.104462584055526,49.59016393442623,54.09836065573771,58.19672131147541,81.76229508196722,17.008196721311474,30.737704918032787,32.78688524590164,51.229508196721305,Moderate,Very High,Low
Varthuru,402250,390539,324590,105265,103606,62888,97.1,83.1,32.4,98.4,40705,39.3,15.6,12961411,10.96,190.49,759723,False,60.6991873057545,17.380474452554743,206.10308802951278,12.080571810202265,25.75661901802362,81.55737704918032,61.47540983606557,57.786885245901644,0.819672131147541,74.79508196721312,99.59016393442623,99.18032786885246,74.18032786885246,Very High,Low,High
Hagadur,278239,274893,217235,104341,102653,62887,98.8,79.0,48.0,98.4,39751,38.7,22.6,11127797,8.77,153.23,643245,False,61.26172639864398,17.47206385404789,176.94908327635284,10.22858460413122,36.89382149878342,69.67213114754098,60.65573770491803,57.377049180327866,11.270491803278688,70.49180327868852,87.70491803278688,88.11475409836066,68.44262295081968,High,Low,High
Padmanabha Nagar,158399,157105,120091,90719,88380,62331,99.2,76.4,75.5,97.4,26035,29.5,39.4,7340332,6.31,113.41,414667,False,70.52613713509844,17.973058637083994,117.76374516693139,6.65266079478911,55.795806791709545,47.950819672131146,51.229508196721305,56.9672131147541,85.45081967213115,11.475409836065573,13.524590163934427,16.39344262295082,48.77049180327869,Moderate,Very High,Low
Chamrajapet,200517,198991,150994,104756,102838,61777,99.2,75.9,69.4,98.2,41031,39.9,30.8,7786960,6.75,120.21,445176,False,60.072152317236814,17.808888888888887,126.04950062320928,7.206177056185959,51.28642459242857,56.14754098360656,61.065573770491795,56.557377049180324,44.67213114754098,77.6639344262295,29.918032786885245,33.40163934426229,52.04918032786885,High,Moderate,Very High
Umamaheshwara Ward,164543,163007,125458,91960,89945,61347,99.1,77.0,73.3,97.8,28580,31.8,37.3,7419194,5.88,107.51,418110,False,68.20501417532937,18.28401360544218,120.93817138572383,6.815492200107585,54.663522605033336,48.77049180327869,53.68852459016394,56.14754098360656,77.45901639344262,23.565573770491806,3.6885245901639343,4.918032786885246,50.0,Moderate,Very High,Low
Yelahanka Satellite Town,169746,168473,120260,96807,95135,61324,99.3,71.4,80.5,98.3,33788,35.5,36.1,9808967,8.69,149.5,577463,False,64.45997792610501,17.203682393555813,159.95315047942077,9.416590568129934,56.04550328137334,50.409836065573764,56.14754098360656,55.73770491803278,72.74590163934425,52.66393442622951,83.19672131147541,86.88524590163934,63.114754098360656,High,High,High
Anjanapura,181644,179006,135191,91485,88729,60694,98.6,75.5,67.7,97.0,28021,31.6,33.4,9140657,8.31,144.46,531947,False,68.4037913196362,17.38387484957882,150.60231653870235,8.76440834349359,48.84774614080289,51.63934426229508,52.04918032786885,55.32786885245902,60.245901639344254,21.51639344262295,75.81967213114754,78.89344262295081,59.83606557377049,High,High,Low
Jayachamarajendra  Nagar,167767,166630,130339,90839,89181,60216,99.3,78.2,69.7,98.2,28949,32.5,35.9,7887322,6.65,120.71,447086,False,67.52110875634945,18.15187969924812,130.98382489703732,7.424704397502325,53.15765317374692,50.0,52.86885245901639,54.91803278688525,71.51639344262296,29.713114754098363,31.147540983606557,28.278688524590162,52.459016393442624,Moderate,High,Moderate
Jayamahal,199847,198600,154332,96533,95354,57697,99.4,77.7,62.5,98.8,37629,39.5,28.9,8178556,7.08,130.82,449166,False,60.508211506596474,18.4774011299435,141.75010832452293,7.784910827252717,47.71350082813352,55.73770491803278,56.557377049180324,54.50819672131148,38.9344262295082,76.02459016393442,54.09836065573771,45.49180327868852,53.278688524590166,High,Moderate,Very High
Shettihalli,172369,170961,121801,87975,86145,56658,99.2,71.2,72.2,97.9,29465,34.2,32.9,7692274,7.57,131.12,450388,False,65.77050322131291,17.32100396301189,135.7667760951675,7.949239295421653,49.977084046435266,51.229508196721305,50.0,54.09836065573771,56.557377049180324,41.80327868852459,54.91803278688525,62.295081967213115,51.63934426229508,High,High,Moderate
Lakkasandra,244683,242974,202937,96480,94954,56502,99.3,83.5,47.5,98.4,38431,40.5,23.1,7361671,6.97,126.23,413147,False,59.50460222844745,18.110473457675756,130.29044989557892,7.312077448585891,38.8069461302992,66.80327868852459,55.73770491803278,53.68852459016394,14.139344262295081,81.76229508196722,43.64754098360656,40.57377049180328,49.18032786885246,High,Low,Very High
Dattatreya Temple,139810,138323,104347,81795,80384,56306,98.9,75.4,78.4,98.3,24051,29.9,40.3,7092611,6.58,118.04,404266,False,70.04627786624204,17.93920972644377,125.96545661208397,7.179803218129507,57.49517201916887,43.0327868852459,47.950819672131146,53.278688524590166,89.34426229508196,13.729508196721312,24.18032786885246,25.40983606557377,47.950819672131146,Moderate,Very High,Low
Medahalli,210416,208912,160872,89864,88720,56103,99.3,77.0,55.9,98.7,32596,36.7,26.7,9502663,8.86,157.11,552030,False,63.23602344454463,17.73250564334086,169.37887456998735,9.83958077108176,42.16409398524827,58.19672131147541,51.63934426229508,52.86885245901639,28.688524590163933,60.65573770491803,90.98360655737704,88.52459016393442,62.704918032786885,High,Moderate,High
K R Puram,246849,245151,181931,96758,95586,55788,99.3,74.2,53.2,98.8,39775,41.6,22.6,8730663,8.15,144.68,501154,False,58.36419559349696,17.752147239263802,156.497149924715,8.983186348318634,38.722457858852984,67.21311475409836,57.377049180327866,52.459016393442624,11.270491803278688,88.11475409836066,76.63934426229508,73.77049180327869,56.14754098360656,High,Low,Very High
Garudachar Playa,233812,232336,191372,97957,96448,55750,99.4,82.4,51.2,98.5,40674,42.2,23.8,9038348,8.3,147.09,510788,False,57.80316854678168,17.721686746987952,162.1228340807175,9.162116591928251,41.25023523172464,63.934426229508205,58.606557377049185,52.04918032786885,16.188524590163937,90.1639344262295,79.91803278688525,78.27868852459017,59.42622950819673,High,Low,Very High
Katriguppe,136402,135253,100769,81074,79166,55446,99.2,74.5,80.5,97.6,23701,29.9,40.6,6475234,6.52,117.47,366779,False,70.03764242225198,18.016871165644172,116.78451105580204,6.6150669119503664,58.03873843492031,41.39344262295082,47.13114754098361,51.63934426229508,90.1639344262295,13.729508196721312,22.131147540983605,23.36065573770492,44.26229508196721,Moderate,Very High,Low
Devarachikkanahalli,226563,224459,181209,88766,87174,55262,99.1,80.7,49.0,98.2,31900,36.6,24.4,8343832,8.29,147.16,475621,False,63.39275472044417,17.751507840772017,150.9867901994137,8.606655568021425,38.476715085870154,62.295081967213115,50.81967213114754,51.229508196721305,19.262295081967213,59.83606557377049,80.32786885245902,77.8688524590164,54.50819672131148,High,Low,High
Kempegowda Ward,223033,220550,158743,91311,89805,54974,98.9,72.0,57.5,98.4,34816,38.8,24.6,9949162,9.86,168.46,592827,False,61.21485440677022,17.085192697768765,180.9794084476298,10.783770509695492,40.265341900077566,61.47540983606557,53.278688524590166,50.81967213114754,21.10655737704918,71.72131147540983,96.72131147540983,96.92622950819673,63.934426229508205,High,Low,High
Neelasandra,220700,219466,187313,90231,88979,54805,99.4,85.3,48.2,98.6,34144,38.4,24.8,6463739,5.83,110.57,352007,False,61.593184908798705,18.965694682675814,117.94068059483624,6.422899370495393,40.31671952877209,60.65573770491803,52.459016393442624,50.409836065573764,22.33606557377049,69.26229508196722,6.557377049180328,3.278688524590164,43.44262295081967,High,Low,High
Kumaraswamy Layout,143853,142737,105455,82322,80684,54590,99.2,73.9,78.1,98.0,26080,32.3,38.0,6371132,6.39,114.23,358192,False,67.6590154181746,17.876369327073554,116.70877450082433,6.561494779263602,56.087811863499546,43.85245901639344,48.36065573770492,50.0,80.73770491803278,28.278688524590162,17.21311475409836,19.4672131147541,42.62295081967213,Moderate,Very High,Moderate
Thanisandra,155904,155006,113130,84772,82935,54435,99.4,73.0,74.9,97.8,28487,34.4,34.9,8798989,8.64,150.7,514432,False,65.63573883161511,17.442129629629626,161.64212363369157,9.45039037384036,53.19619766009852,47.13114754098361,49.18032786885246,49.59016393442623,66.59836065573771,43.23770491803279,84.8360655737705,86.0655737704918,56.9672131147541,Moderate,High,Moderate
Attiguppe,122277,121113,83123,74314,72200,52845,99.1,68.6,89.4,97.2,19332,26.8,43.2,6467725,6.97,123.87,369824,False,73.19252077562327,17.77187948350072,122.39048159712367,6.998277982779828,59.046263810855685,39.34426229508197,43.0327868852459,49.18032786885246,97.95081967213115,3.0737704918032787,38.52459016393443,40.57377049180328,43.85245901639344,Moderate,Very High,Low
Ramaswamy Palya,158326,157576,131163,78156,76894,52575,99.5,83.2,59.6,98.4,24304,31.6,33.2,6218113,6.07,112.24,344823,False,68.37334512445705,18.490939044481053,118.27128863528293,6.558687589158345,48.566880992382806,47.540983606557376,46.31147540983606,48.77049180327869,59.01639344262295,21.51639344262295,11.475409836065573,7.172131147540983,41.39344262295082,Moderate,High,Low
Sudham Nagara,207651,206119,168626,88531,86990,51838,99.3,81.8,52.5,98.3,35118,40.4,25.0,7147733,7.44,132.63,406732,False,59.59075755834004,17.826612903225804,137.88597168100623,7.846213202669856,41.89240600815792,57.377049180327866,50.409836065573764,48.36065573770492,23.15573770491803,80.5327868852459,59.63114754098361,58.606557377049185,48.36065573770492,High,Low,Very High
Kanneshwara Rama,137753,136778,102151,76606,75289,50824,99.3,74.7,75.0,98.3,24444,32.5,36.9,6666800,7.24,126.82,383834,False,67.50521324496275,17.516574585635357,131.174248386589,7.552219423894223,54.655071032935766,41.80327868852459,45.90163934426229,47.950819672131146,75.81967213114754,29.713114754098363,44.67213114754098,51.63934426229508,45.90163934426229,Moderate,Very High,Moderate
Gurappanapalya,219358,217350,175884,97073,95401,50729,99.1,80.9,55.2,98.3,44650,46.8,23.1,6598625,6.94,126.23,366661,False,53.17449502625758,18.188760806916427,130.07599203611346,7.227838120207377,43.491005570802066,59.83606557377049,56.9672131147541,47.540983606557376,14.139344262295081,96.31147540983606,43.64754098360656,39.75409836065574,45.49180327868852,High,Low,Very High
Basavanapura,221845,220103,169213,83635,82367,50465,99.2,76.9,49.4,98.5,31894,38.7,22.8,8871533,9.62,168.17,516880,False,61.268469168477665,17.48128898128898,175.79575943723373,10.242346180521153,37.12817507719354,61.065573770491795,48.77049180327869,47.13114754098361,12.5,70.49180327868852,96.31147540983606,95.49180327868852,58.19672131147541,High,Low,High
Kudlu,236803,234065,197098,81672,80368,50108,98.8,84.2,41.4,98.4,30253,37.6,21.2,8378598,9.02,159.12,480351,False,62.34819828787577,17.64079822616408,167.21078470503713,9.586313562704559,33.9387592218004,65.1639344262295,47.540983606557376,46.72131147540984,6.557377049180328,66.39344262295081,91.80327868852459,92.00819672131148,54.91803278688525,High,Low,High
Sir M. Vishweshwaraiah,118310,117288,78883,70564,68993,49703,99.1,67.3,89.5,97.8,19275,27.9,42.0,7042823,7.65,131.9,416894,False,72.040641804241,17.241830065359476,141.69814699313926,8.387702955556003,58.315442481616095,38.114754098360656,42.21311475409836,46.31147540983606,94.4672131147541,6.147540983606557,56.9672131147541,64.75409836065575,47.13114754098361,Moderate,Very High,Low
Mattikere,127532,126489,91822,74048,72560,49681,99.2,72.6,80.6,98.0,22863,31.5,39.0,6240282,6.83,121.59,355613,False,68.4688533627343,17.80234260614934,125.60701274128942,7.157927577947304,56.89552426057774,40.16393442622951,43.44262295081967,45.90163934426229,84.01639344262296,19.87704918032787,33.19672131147541,36.27049180327869,41.80327868852459,Moderate,Very High,Low
Someshwara Ward,135715,134750,93900,74919,73572,49328,99.3,69.7,79.8,98.2,24230,32.9,36.4,8645725,9.86,167.44,516119,False,67.04724623498069,16.981744421906694,175.27013055465457,10.463002757054817,54.2106620491471,40.98360655737705,44.67213114754098,45.49180327868852,74.18032786885246,31.557377049180328,95.90163934426229,96.92622950819673,55.73770491803278,Moderate,High,Moderate
Kuvempunagar,146326,145244,105110,75973,74164,49239,99.3,72.4,72.3,97.6,24917,33.6,33.7,7473265,8.65,148.64,440698,False,66.39205005123779,17.183815028901734,151.77532037612463,8.950181766485915,50.684088952065935,44.26229508196721,45.49180327868852,45.08196721311475,62.5,38.114754098360656,81.9672131147541,86.47540983606558,50.409836065573764,Moderate,High,Moderate
Someshwara Nagar,202532,201374,160896,84826,83617,48356,99.4,79.9,52.7,98.6,35234,42.1,23.9,6948587,7.55,133.6,398478,False,57.83034550390471,17.695364238410594,143.69648027132104,8.240507899743568,41.28582149981238,56.557377049180324,49.59016393442623,44.67213114754098,17.008196721311474,89.75409836065575,61.47540983606557,61.47540983606557,46.31147540983606,High,Low,Very High
Nalvadi Krishnaraja Wadior Park,115514,114506,75953,68469,66856,48127,99.1,66.3,90.1,97.6,18727,28.0,41.7,7063617,8.19,140.92,418340,False,71.98605959076222,17.206349206349206,146.7703575955285,8.692417977434705,57.876967294007656,36.0655737704918,40.57377049180328,44.26229508196721,92.62295081967213,6.557377049180328,70.69672131147541,75.20491803278688,47.540983606557376,Moderate,Very High,Low
Vishwanath Nagenahalli,154030,153201,118304,73656,72720,47891,99.5,77.2,62.3,98.7,24812,34.1,31.1,6530937,6.53,119.33,370828,False,65.8567106710671,18.274119448698315,136.37086300139902,7.7431667745505415,47.21158215931961,46.31147540983606,43.85245901639344,43.85245901639344,47.540983606557376,40.98360655737705,27.86885245901639,23.975409836065573,45.08196721311475,Moderate,Moderate,Moderate
HAL Airport,211250,209175,169890,75050,74006,47030,99.0,81.2,44.2,98.6,26966,36.4,22.3,7494305,8.55,151.55,428553,False,63.54890144042374,17.72514619883041,159.35158409525835,9.112332553689134,35.03242603550296,58.606557377049185,45.08196721311475,43.44262295081967,8.811475409836065,58.40163934426229,86.0655737704918,84.42622950819673,50.81967213114754,High,Low,High
Vikram Nagar,119772,118755,89035,66520,64768,45251,99.2,75.0,74.7,97.4,19502,30.1,37.8,5800764,7.24,129.76,330132,False,69.86629199604744,17.922651933701655,128.1908466111246,7.295573578484453,54.07607788130782,38.52459016393443,38.9344262295082,43.0327868852459,79.30327868852459,14.344262295081966,50.0,51.63934426229508,38.9344262295082,Moderate,Very High,Low
Dodda Bommasandra,133094,132125,96560,68415,67164,44788,99.3,73.1,70.9,98.2,22363,33.3,33.7,6400370,8.04,140.8,373067,False,66.68453338097791,17.512437810945276,142.9036795570242,8.329619540948467,50.46358212992321,40.57377049180328,41.39344262295082,42.62295081967213,62.5,34.83606557377049,70.08196721311475,73.15573770491804,43.0327868852459,Moderate,High,Moderate
Hanumanth Nagar,111343,110436,78939,63637,62055,44418,99.2,71.5,80.6,97.5,17619,28.4,39.9,5196937,6.75,118.14,294931,False,71.57843848199178,17.502222222222223,117.00069791525958,6.639898239452474,55.73318484323217,34.01639344262295,37.704918032786885,42.21311475409836,86.68032786885246,7.377049180327869,24.59016393442623,33.40163934426229,35.65573770491803,Moderate,Very High,Low
Rajamahal Guttahalli,117569,116512,90080,64358,63260,44403,99.1,77.3,71.5,98.3,18841,29.8,37.8,5386551,6.3,113.9,304299,False,70.19127410686058,18.07936507936508,121.31051955948922,6.853118032565368,53.80670074594494,36.885245901639344,38.114754098360656,41.80327868852459,79.30327868852459,12.90983606557377,15.163934426229508,15.778688524590164,36.885245901639344,Moderate,Very High,Low
Gottigere,122130,121067,86790,66013,64702,44306,99.1,71.7,76.1,98.0,20384,31.5,36.3,6970268,9.04,155.56,405976,False,68.47701771197181,17.207964601769913,157.32108518033675,9.163002753577393,52.97797428969131,38.9344262295082,38.52459016393443,41.39344262295082,73.5655737704918,19.87704918032787,90.57377049180327,92.82786885245902,46.72131147540984,Moderate,High,Low
Okalipuram,138471,137027,105136,78599,77551,44243,99.0,76.7,74.8,98.7,33277,42.9,31.9,6159044,6.79,122.73,345240,False,57.05019922373664,18.075110456553755,139.2094568632326,7.803268313631535,56.0052285316059,42.21311475409836,46.72131147540984,40.98360655737705,50.409836065573764,90.98360655737704,36.47540983606557,34.83606557377049,40.98360655737705,Moderate,Moderate,Very High
Bande Mutt,148773,147190,93694,68336,66875,43599,98.9,63.7,72.9,97.9,23253,34.8,29.3,6521990,8.47,149.11,383759,False,65.19476635514019,17.60448642266824,149.59035757700866,8.802013807656138,44.95103278148589,44.67213114754098,40.98360655737705,40.57377049180328,40.36885245901639,47.74590163934426,82.58196721311475,81.9672131147541,44.67213114754098,Moderate,Moderate,Moderate
Hosakerehalli,117622,116813,85572,69348,67711,43458,99.3,73.3,81.0,97.6,24243,35.8,37.0,5569815,7.32,129.03,321161,False,64.18159530947705,17.62704918032787,128.16547010907084,7.39014680841272,57.566611688289605,37.295081967213115,41.80327868852459,40.16393442622951,76.63934426229508,54.91803278688525,49.59016393442623,54.91803278688525,37.704918032786885,Moderate,Very High,High
Sriramamandir,103115,102017,73067,62026,60894,43222,98.9,71.6,84.9,98.2,17655,29.0,41.9,5402455,6.58,117.45,311932,False,70.9790783985286,17.84954407294833,124.9931747721068,7.216972837906622,59.0544537652136,30.327868852459016,36.885245901639344,39.75409836065574,93.23770491803278,10.450819672131148,21.721311475409834,25.40983606557377,37.295081967213115,Moderate,Very High,Low
Chokkasandra,151979,151264,115735,74256,73111,43081,99.5,76.5,64.2,98.5,30011,41.0,28.3,4369042,5.01,96.47,237432,False,58.925469491594974,19.255489021956087,101.4145911190548,5.511292681228384,48.1059883273347,45.49180327868852,44.26229508196721,39.34426229508197,33.40163934426229,84.6311475409836,0.4098360655737705,0.4098360655737705,28.688524590163933,Moderate,Moderate,Very High
Tilak Nagar,165973,164860,135480,73314,71905,42761,99.3,82.2,54.1,98.1,29125,40.5,25.8,5238333,6.98,126.96,289803,False,59.46874348098186,18.189111747851,122.5025841303992,6.77727368396436,43.32331162297482,49.18032786885246,42.62295081967213,38.9344262295082,26.84426229508197,81.76229508196722,45.08196721311475,41.59836065573771,36.0655737704918,Moderate,Moderate,Very High
Manorayanapalya,138726,137934,105934,67224,65761,42741,99.4,76.8,63.5,97.8,23005,35.0,30.8,5769512,7.13,128.85,326215,False,64.99444959778592,18.071528751753156,134.9877635057673,7.632367048033504,47.40351484220694,42.62295081967213,39.75409836065574,38.52459016393443,44.67213114754098,49.18032786885246,49.18032786885246,47.74590163934426,38.114754098360656,Moderate,Moderate,Moderate
Srinagar,100697,99704,70561,59450,58086,41921,99.0,70.8,84.3,97.7,16144,27.8,41.6,5044899,6.68,118.81,289196,False,72.17057466515168,17.785928143712574,120.3430023138761,6.898594976264879,57.683942917862495,29.918032786885245,35.65573770491803,38.114754098360656,92.00819672131148,5.532786885245901,26.639344262295083,30.737704918032787,34.42622950819672,Moderate,Very High,Low
Kengeri,108258,107446,68375,57488,56271,39618,99.3,63.6,84.1,97.9,16645,29.6,36.6,6105084,8.4,144.76,362715,False,70.40571519965879,17.23333333333333,154.09874299560806,9.155308193245494,51.978606661863324,32.37704918032787,34.83606557377049,37.704918032786885,74.59016393442623,12.295081967213115,77.04918032786885,80.32786885245902,39.75409836065574,Moderate,High,Low
Marappana Palya,118135,117071,75583,62138,60885,39411,99.1,64.6,82.2,98.0,21463,35.3,33.4,5033661,6.87,122.99,287228,False,64.73022912047303,17.902474526928675,127.72223490903555,7.288016036132045,51.53849409573793,37.704918032786885,36.47540983606557,37.295081967213115,60.245901639344254,51.84426229508197,36.885245901639344,37.90983606557377,34.01639344262295,Moderate,High,High
Hampi Nagar,95276,94422,65398,57118,55601,39198,99.1,69.3,87.3,97.3,16380,29.5,41.1,4996931,6.72,120.11,287236,False,70.49873203719358,17.873511904761905,127.4792336343691,7.327822848104495,58.35782358621269,27.049180327868854,33.19672131147541,36.885245901639344,91.18852459016394,11.475409836065573,29.508196721311474,32.17213114754098,33.60655737704918,Moderate,Very High,Low
Ullal,99172,98336,64672,56247,54815,39147,99.2,65.8,87.0,97.5,15658,28.6,39.5,6139405,9.6,162.23,367154,False,71.41658305208428,16.898958333333333,156.8295143944619,9.378854062891154,55.27265760496915,29.098360655737704,32.37704918032787,36.47540983606557,86.0655737704918,7.991803278688526,94.26229508196722,95.08196721311475,40.16393442622951,Moderate,Very High,Low
Naganathapura,171381,169665,131681,66576,65568,38620,99.0,77.6,50.6,98.5,26938,41.1,22.5,7416872,10.4,179.22,436687,False,58.9006832601269,17.232692307692307,192.04743656136716,11.307276022786121,38.258616766152606,50.81967213114754,39.34426229508197,36.0655737704918,10.450819672131148,85.24590163934425,98.77049180327869,98.77049180327869,49.59016393442623,High,Low,Very High
Kamakya Nagar,109692,108757,82046,58708,57518,38541,99.2,75.4,71.5,98.0,18968,33.0,35.1,4704595,6.01,109.83,265949,False,67.00685002955596,18.274542429284526,122.06727900158273,6.9004177369554505,52.435911461182215,33.19672131147541,35.24590163934426,35.65573770491803,69.4672131147541,32.58196721311475,5.737704918032787,6.147540983606557,32.78688524590164,Moderate,High,Moderate
Mangammanapalya,154378,152837,122653,67435,66180,38343,99.0,80.3,55.0,98.1,27818,42.0,24.8,5773897,7.84,140.92,325690,False,57.9374433363554,17.974489795918366,150.5854262838067,8.49411887437081,42.868802549586086,46.72131147540984,40.16393442622951,35.24590163934426,22.33606557377049,89.34426229508196,70.69672131147541,69.4672131147541,38.52459016393443,Moderate,Low,Very High
Doddagollarahatti,98783,97839,61840,54233,53145,38065,99.0,63.2,87.7,98.0,15069,28.3,38.5,6148958,9.0,151.89,369997,False,71.62480007526578,16.876666666666665,161.53836858006042,9.720136608432943,53.799742870736864,28.688524590163933,30.327868852459016,34.83606557377049,82.99180327868852,6.967213114754098,86.47540983606558,90.77868852459017,40.57377049180328,Moderate,Very High,Low
T Dasarahalli,116879,116132,81881,62233,61128,37945,99.4,70.5,76.0,98.2,23152,37.9,32.5,4428407,6.41,115.27,248636,False,62.07466300222484,17.98283931357254,116.70594281196469,6.5525365660824875,52.300242130750604,36.47540983606557,37.295081967213115,34.42622950819672,54.91803278688525,67.41803278688525,19.262295081967213,20.69672131147541,29.918032786885245,Moderate,High,High
Vidyapeeta ward,98218,97305,72769,57004,55960,37832,99.1,74.8,78.3,98.2,18111,32.4,38.5,4405252,6.19,112.18,247727,False,67.60543245175124,18.122778675282714,116.44248255445126,6.548080989638401,56.97529984320593,27.86885245901639,34.01639344262295,34.01639344262295,82.99180327868852,29.098360655737704,10.655737704918032,11.270491803278688,29.098360655737704,Moderate,Very High,Moderate
Chamundi Nagara,109038,108468,82395,56986,56063,37616,99.5,76.0,69.2,98.4,18434,32.9,34.5,4634638,5.79,108.06,258432,False,67.0959456325919,18.66321243523316,123.20921948107188,6.870267971076138,51.416020103083326,32.78688524590164,34.42622950819672,33.60655737704918,64.95901639344262,31.557377049180328,4.098360655737705,2.8688524590163933,31.967213114754102,Moderate,High,Moderate
Atturu Layout,106263,105338,71258,55686,54548,37150,99.1,67.6,78.1,98.0,17385,31.9,35.0,6254460,9.0,169.54,372076,False,68.10515509276233,18.837777777777777,168.35693135935398,10.015504710632571,51.33301337248148,31.147540983606557,31.557377049180328,33.19672131147541,68.0327868852459,25.81967213114754,97.1311475409836,90.77868852459017,42.21311475409836,Moderate,High,Moderate
J P Park,107208,106388,77661,55905,54791,37081,99.2,73.0,72.0,98.0,17699,32.3,34.6,4936530,6.65,119.43,284992,False,67.67717325838186,17.959398496240603,133.12828672365902,7.685661120250263,51.107193493022905,31.967213114754102,31.967213114754102,32.78688524590164,65.57377049180327,28.278688524590162,28.278688524590162,28.278688524590162,33.19672131147541,Moderate,High,Moderate
Nagarabhavi,87574,86839,60510,52907,51678,36747,99.2,69.7,87.4,97.7,14920,28.9,42.0,5050626,7.73,134.74,295639,False,71.10762800417973,17.43078913324709,137.443219854682,8.04525539499823,59.010665265946514,24.18032786885246,28.688524590163933,32.37704918032787,94.4672131147541,9.836065573770492,62.704918032786885,66.80327868852459,34.83606557377049,Low,Very High,Low
Marenahalli,83523,82785,56507,51111,49970,36141,99.1,68.3,90.5,97.8,13815,27.7,43.3,4340983,7.04,124.1,248263,False,72.32539523714229,17.627840909090907,120.11242079632551,6.869289726349575,59.82783185469871,22.540983606557376,27.459016393442624,31.967213114754102,98.36065573770492,4.918032786885246,39.34426229508197,44.67213114754098,28.278688524590162,Low,Very High,Low
Dr. Raj Kumar Ward,89477,88660,61954,52508,51412,35829,99.1,69.9,84.8,97.9,15561,30.3,40.0,4510924,7.15,126.07,257641,False,69.68995565237688,17.63216783216783,125.90147645761813,7.190850986630942,57.45834124970662,25.0,27.86885245901639,31.557377049180328,87.29508196721312,15.163934426229508,43.0327868852459,48.36065573770492,30.737704918032787,Low,Very High,Low
Jaraganahalli,110924,110009,85970,59511,58207,35674,99.2,78.1,69.2,97.8,22518,38.7,32.2,4062345,6.79,121.3,225413,False,61.28816121772296,17.864506627393226,113.87410999607557,6.318691483993945,52.47466733980022,33.60655737704918,36.0655737704918,31.147540983606557,52.86885245901639,70.49180327868852,32.37704918032787,34.83606557377049,26.229508196721312,Moderate,High,High
Chickpete,185488,183645,150079,93173,92089,34980,99.0,81.7,62.1,98.8,57078,62.0,18.9,5808054,9.79,167.33,340988,False,37.98499277872493,17.091930541368747,166.0392795883362,9.748084619782732,49.64687742603295,52.04918032786885,54.50819672131148,30.737704918032787,2.2540983606557377,99.59016393442623,95.49180327868852,96.31147540983606,39.34426229508197,High,Low,Very High
Gali Anjenaya Temple ward,104178,103308,65657,55007,54258,34405,99.2,63.6,83.8,98.6,19834,36.5,33.0,5059895,8.23,144.08,288389,False,63.41000405470161,17.506682867557718,147.06859468100566,8.382182822264205,52.08201347693371,30.737704918032787,31.147540983606557,30.327868852459016,57.786885245901644,59.01639344262295,74.18032786885246,76.02459016393442,35.24590163934426,Moderate,High,High
Vannarapete,99365,98763,79376,50576,49797,33723,99.4,80.4,63.7,98.5,16070,32.3,33.9,4082537,6.51,117.94,227962,False,67.72094704500272,18.116743471582183,121.06090798564777,6.759837499629333,50.11523172143109,29.508196721311474,27.049180327868854,29.918032786885245,63.729508196721305,28.278688524590162,23.36065573770492,22.950819672131146,26.639344262295083,Moderate,High,Moderate
Kammanahalli,111511,110898,87583,55916,55260,33576,99.5,79.0,63.8,98.8,21666,39.2,30.1,4412131,6.67,121.53,248871,False,60.7600434310532,18.22038980509745,131.4072849654515,7.412169406719085,49.555649218462754,34.42622950819672,32.78688524590164,29.508196721311474,42.62295081967213,73.77049180327869,32.78688524590164,29.918032786885245,29.508196721311474,Moderate,Moderate,High
Defence Colony,113502,112831,80837,56497,55754,33207,99.4,71.6,69.9,98.7,22522,40.4,29.3,3857800,6.09,111.03,217101,False,59.55985220791333,18.23152709359606,116.17430059927123,6.537808293432108,49.121601381473454,34.83606557377049,33.60655737704918,29.098360655737704,40.36885245901639,80.5327868852459,8.19672131147541,7.786885245901639,25.0,Moderate,Moderate,Very High
Kushal Nagar,106911,106401,82697,52289,51701,32787,99.5,77.7,63.2,98.9,18908,36.6,30.7,4058575,6.48,118.28,227574,False,63.41656834490629,18.253086419753085,123.78610424863513,6.940982706560527,48.358915359504635,31.557377049180328,29.098360655737704,28.688524590163933,43.44262295081967,59.83606557377049,25.0,22.131147540983605,25.81967213114754,Moderate,Moderate,High
Rajaji Nagar,78766,78002,52276,46245,45396,32404,99.0,67.0,88.5,98.2,12979,28.6,41.1,4107176,6.26,112.33,235670,False,71.38073839104767,17.94408945686901,126.7490433279842,7.272867547216393,57.63400451971663,21.311475409836063,25.0,28.278688524590162,91.18852459016394,7.991803278688526,11.885245901639344,13.319672131147541,27.049180327868854,Low,Very High,Low
Bommanahalli,152618,151217,122893,55029,54175,32011,99.1,81.3,44.8,98.4,22152,40.9,21.0,4456835,7.35,132.21,249748,False,59.08814028610983,17.98775510204082,139.22823404454718,7.80194308206554,35.497123537197446,45.90163934426229,30.737704918032787,27.86885245901639,5.532786885245901,83.81147540983606,57.377049180327866,56.35245901639344,30.327868852459016,Moderate,Low,Very High
Vijinapura,125088,124310,95925,52300,51728,31626,99.4,77.2,54.5,98.9,20092,38.8,25.3,4521821,7.46,134.92,255491,False,61.13903495205692,18.0857908847185,142.97796117118827,8.078511351419717,41.35328728575083,39.75409836065574,29.508196721311474,27.459016393442624,24.59016393442623,71.72131147540983,63.114754098360656,59.01639344262295,31.147540983606557,Moderate,Low,High
Srinivasa Nagar,74452,73908,51573,43303,42504,31259,99.3,69.8,84.0,98.2,11234,26.4,42.0,3641236,6.62,117.91,207210,False,73.54366647844908,17.811178247734137,116.48600403083911,6.628810902460091,57.08913125235051,19.672131147540984,22.131147540983605,27.049180327868854,94.4672131147541,1.8442622950819672,22.950819672131146,26.84426229508197,23.770491803278688,Low,Very High,Low
Agaram,140342,139281,113197,52499,51730,31096,99.2,81.3,46.4,98.5,20624,39.9,22.2,4144647,7.01,127.39,229317,False,60.112120626329016,18.172610556348076,133.28553511705687,7.374485464368408,36.85995639224181,43.44262295081967,29.918032786885245,26.639344262295083,7.786885245901639,77.6639344262295,45.90163934426229,43.44262295081967,27.459016393442624,Moderate,Low,Very High
Gayithri Nagar,77922,77120,52814,44397,43591,31052,99.0,68.5,84.1,98.2,12526,28.7,39.9,3714235,6.33,114.27,211782,False,71.23488793558303,18.0521327014218,119.6133904418395,6.820237021769934,55.94183927517261,20.901639344262296,22.540983606557376,26.229508196721312,86.68032786885246,8.60655737704918,17.62295081967213,17.21311475409836,24.18032786885246,Low,Very High,Low
Vijayanagara Krishnadevaraya,79830,79216,51953,45187,44220,30360,99.2,65.6,87.0,97.9,13851,31.3,38.0,4021673,7.41,127.94,235209,False,68.65671641791045,17.265856950067477,132.46617259552042,7.747332015810277,55.39270950770388,21.721311475409834,23.36065573770492,25.81967213114754,80.73770491803278,18.237704918032787,46.72131147540984,57.786885245901644,25.40983606557377,Low,Very High,Low
Kammagondanahalli,88813,88177,63366,44948,44183,30124,99.3,71.9,70.9,98.3,14051,31.8,33.9,4642293,8.44,144.22,274443,False,68.1800692574067,17.087677725118485,154.10612800424911,9.110443500199176,49.74834765180773,24.59016393442623,22.950819672131146,25.40983606557377,63.729508196721305,23.565573770491806,75.0,80.94262295081968,32.37704918032787,Low,High,Low
Veerabhadranagar,83820,83214,58885,46701,45797,29394,99.3,70.8,79.3,98.1,16390,35.8,35.1,3313096,6.11,109.13,186855,False,64.1832434438937,17.860883797054008,112.7133428590869,6.356909573382323,54.637318062514915,22.950819672131146,25.40983606557377,25.0,69.4672131147541,54.91803278688525,5.327868852459016,8.401639344262295,18.852459016393443,Low,High,High
Bharathi Nagar,113705,113062,92076,52147,51610,28677,99.4,81.4,56.6,99.0,22911,44.4,25.2,3577300,6.35,116.49,197970,False,55.564813020732416,18.34488188976378,124.74456881821669,6.903441782613244,45.389384811573805,35.24590163934426,28.278688524590162,24.59016393442623,24.18032786885246,94.26229508196722,20.491803278688526,18.0327868852459,23.36065573770492,Moderate,Low,Very High
Yelachenahalli,92064,91284,68402,48782,47953,28465,99.2,74.9,71.3,98.3,19475,40.6,30.9,3543903,6.32,115.22,199914,False,59.36020686922612,18.231012658227847,124.50036887405585,7.023151238362902,52.08659193604449,26.229508196721312,26.639344262295083,24.18032786885246,45.69672131147541,82.58196721311475,18.442622950819672,16.80327868852459,22.950819672131146,Moderate,Moderate,Very High
Deen Dayalu Ward,86800,86185,60896,45429,44423,28289,99.3,70.7,74.6,97.8,16127,36.3,32.6,3487579,7.42,131.25,198272,False,63.68097607095423,17.68867924528302,123.28392661458517,7.0088020078475735,51.17857142857143,23.770491803278688,23.770491803278688,23.770491803278688,55.32786885245902,57.377049180327866,55.32786885245902,58.19672131147541,22.131147540983605,Low,High,High
Kadugondanahalli,94784,94377,71903,46635,45936,28083,99.6,76.2,64.9,98.5,17837,38.8,29.6,3474646,6.17,113.46,193981,False,61.13505747126437,18.388978930307943,123.72773564077912,6.907417298721646,48.46387575962188,26.639344262295083,25.81967213114754,23.36065573770492,41.39344262295082,71.72131147540983,13.934426229508196,10.655737704918032,21.721311475409834,Moderate,Moderate,High
Sagayarapuram,98658,98158,79329,46502,46108,28010,99.5,80.8,58.6,99.2,18086,39.2,28.4,3270499,5.85,108.3,178616,False,60.74867701917238,18.512820512820515,116.76183505890754,6.376865405212424,46.73518619878773,28.278688524590162,26.229508196721312,22.950819672131146,34.22131147540984,73.77049180327869,4.508196721311475,4.098360655737705,18.0327868852459,Moderate,Moderate,High
Chanakya,96377,95232,57457,46149,44733,27699,98.8,60.3,80.3,96.9,17027,38.1,28.7,3852559,7.52,136.38,221877,False,61.92072966266514,18.13563829787234,139.08657352250984,8.010289180114805,46.41460099401309,27.459016393442624,24.18032786885246,22.540983606557376,37.704918032786885,68.0327868852459,64.34426229508196,61.065573770491795,24.59016393442623,Moderate,Moderate,High
Shivanagara,64174,63577,43741,38676,37977,27691,99.1,68.8,88.4,98.2,10269,27.0,43.1,3383414,6.63,117.86,193984,False,72.91518550701741,17.776772247360483,122.18460871763389,7.0053085840164675,59.1781718452956,16.80327868852459,19.672131147540984,22.131147540983605,97.3360655737705,4.098360655737705,22.540983606557376,27.459016393442624,21.311475409836063,Low,Very High,Low
Mahalakshimpuram,65516,64850,44936,39445,38745,27477,99.0,69.3,87.8,98.2,11250,29.0,41.9,3370934,6.53,116.34,193461,False,70.91753774680603,17.816232771822357,122.68202496633548,7.040834152200022,59.13822577690946,17.21311475409836,20.081967213114755,21.721311475409834,93.23770491803278,10.450819672131148,20.081967213114755,23.975409836065573,20.901639344262296,Low,Very High,Low
Basaveshwara Nagar,58527,57844,40053,36905,36131,27146,98.8,69.2,92.1,97.9,8976,24.8,46.4,3350801,7.74,132.38,194172,False,75.13215798068141,17.103359173126613,123.43627053709571,7.1528770352906506,61.73390059288876,15.573770491803279,18.442622950819672,21.311475409836063,100.0,0.819672131147541,58.606557377049185,67.41803278688525,20.081967213114755,Low,Very High,Low
Vidyamanyanagar,75939,75319,48394,40083,38827,26581,99.2,64.3,82.8,96.9,12238,31.5,35.0,4253108,8.98,151.45,255355,False,68.46009220387874,16.8652561247216,160.00556788683647,9.606673940032353,51.12919580189362,20.491803278688526,20.491803278688526,20.901639344262296,68.0327868852459,19.87704918032787,85.65573770491804,90.1639344262295,27.86885245901639,Low,High,Low
Peenya,91034,90256,62590,46109,45149,26421,99.2,69.3,73.7,97.9,18711,41.4,29.0,3543467,7.85,138.3,206158,False,58.51956853972402,17.61783439490446,134.115552023012,7.802808372128231,49.595755432036384,25.81967213114754,24.59016393442623,20.491803278688526,39.34426229508197,86.27049180327869,68.0327868852459,70.08196721311475,22.540983606557376,Moderate,Moderate,Very High
Chowdeswari Ward,90118,88903,60275,42773,41720,26194,98.7,67.8,71.0,97.5,15518,37.2,29.1,5313533,11.42,193.13,322290,False,62.785234899328856,16.91155866900175,202.8530579522028,12.303962739558678,46.29485785303713,25.40983606557377,21.721311475409834,20.081967213114755,39.75409836065574,64.13934426229508,100.0,100.0,36.47540983606557,Moderate,Moderate,High
Govindaraja Nagar,56479,55909,37517,34726,33936,25734,99.0,67.1,92.6,97.7,8195,24.1,45.6,3303480,6.92,122.15,192036,False,75.83097595473834,17.651734104046245,128.3702494754022,7.4623455350897645,60.08604968218276,14.754098360655737,17.21311475409836,19.672131147540984,99.59016393442623,0.4098360655737705,35.24590163934426,39.34426229508197,18.442622950819672,Low,Very High,Low
Maruthi Mandir ward,59573,59060,39759,36081,35073,25648,99.1,67.3,90.8,97.2,9417,26.9,43.0,3353990,7.65,133.05,194119,False,73.12747697659168,17.3921568627451,130.77004054897068,7.568582345601996,58.87398653752539,15.983606557377051,18.0327868852459,19.262295081967213,96.51639344262296,3.6885245901639343,60.65573770491803,64.75409836065575,20.491803278688526,Low,Very High,Low
Kamakshipalya,57410,56844,38391,35243,34658,25365,99.0,67.5,91.8,98.3,9284,26.8,44.2,3263544,6.98,124.77,189598,False,73.18656587223728,17.87535816618911,128.66327616794797,7.474788093830081,60.36927364570632,15.163934426229508,17.62295081967213,18.852459016393443,98.77049180327869,3.0737704918032787,40.16393442622951,41.59836065573771,17.62295081967213,Low,Very High,Low
Avalahalli,67045,66451,46911,38773,37890,24789,99.1,70.6,82.7,97.7,13090,34.5,37.0,3315008,7.5,132.55,189999,False,65.42359461599366,17.673333333333336,133.72899269837427,7.6646496429868085,56.51428145275561,18.0327868852459,19.262295081967213,18.442622950819672,76.63934426229508,43.85245901639344,59.01639344262295,60.245901639344254,19.262295081967213,Low,Very High,Moderate
Banashankari Temple ward,85840,85171,60417,42008,41326,24423,99.2,70.9,69.5,98.4,16888,40.9,28.4,2598862,5.61,103.27,141898,False,59.0983884237526,18.40819964349376,106.4104327887647,5.810015149654014,48.1430568499534,23.36065573770492,21.311475409836063,18.0327868852459,34.22131147540984,83.81147540983606,2.0491803278688523,1.639344262295082,15.163934426229508,Low,Moderate,Very High
Kadugodi,114762,113298,84957,40959,40210,24200,98.7,75.0,48.2,98.2,16001,39.8,21.1,4537344,8.91,155.22,267519,False,60.18403382243223,17.420875420875422,187.49355371900828,11.054504132231404,35.037730259145015,35.65573770491803,20.901639344262296,17.62295081967213,6.147540983606557,77.04918032786885,89.75409836065575,89.34426229508196,31.557377049180328,Moderate,Low,Very High
Bagalakunte,80540,80086,53963,37043,36470,23104,99.4,67.4,68.7,98.5,13344,36.6,28.7,3001387,6.12,112.39,173032,False,63.35069920482589,18.36437908496732,129.90767832409972,7.489265927977839,45.28184752917805,22.131147540983605,18.852459016393443,17.21311475409836,37.704918032786885,59.83606557377049,12.295081967213115,9.221311475409836,17.21311475409836,Low,Moderate,High
Hosahalli,55891,55379,38890,33599,32751,22777,99.1,70.2,86.4,97.5,9970,30.4,40.8,2891049,6.7,118.29,167216,False,69.54596806204391,17.655223880597017,126.9284365807613,7.341440927251174,58.59798536436993,14.344262295081966,15.983606557377051,16.80327868852459,90.57377049180327,15.573770491803279,25.40983606557377,31.557377049180328,16.80327868852459,Low,Very High,Low
Shankar Matt,53607,53055,36312,32452,31755,22594,99.0,68.4,89.4,97.9,9155,28.8,42.1,2747829,6.5,114.19,158582,False,71.15099984254448,17.567692307692308,121.61764185181907,7.0187660440825,59.23666685320947,13.524590163934427,15.163934426229508,16.39344262295082,95.49180327868852,9.221311475409836,16.80327868852459,22.540983606557376,15.983606557377051,Low,Very High,Low
Nelagadderanahalli,70269,69751,52684,33633,33005,20820,99.3,75.5,63.8,98.1,12173,36.9,29.6,2789659,7.24,125.97,162660,False,63.08135131040752,17.39917127071823,133.98938520653218,7.812680115273775,46.96950291024491,19.262295081967213,16.39344262295082,15.983606557377051,41.39344262295082,62.295081967213115,42.62295081967213,51.63934426229508,16.39344262295082,Low,Moderate,High
Dodda Bidarakallu,75747,75035,49346,34318,33515,20643,99.1,65.8,69.5,97.7,12864,38.4,27.3,3325375,8.39,144.62,198915,False,61.59331642548113,17.237187127532778,161.08971564210628,9.635954076442378,44.245976738352674,20.081967213114755,16.80327868852459,15.573770491803279,30.737704918032787,69.26229508196722,76.22950819672131,79.71311475409836,19.672131147540984,Low,Moderate,High
Vijayanagar,54745,54304,37527,30855,30132,20474,99.2,69.1,82.2,97.7,9645,32.0,37.4,2256693,5.67,102.67,126023,False,67.9476968007434,18.10758377425044,110.22237960339943,6.155270098661718,55.040642981094166,13.934426229508196,14.344262295081966,15.163934426229508,77.8688524590164,26.639344262295083,1.639344262295082,2.0491803278688523,12.704918032786885,Low,Very High,Moderate
Prakash Nagar,50760,50320,34779,29499,28934,19727,99.1,69.1,84.8,98.1,9197,31.8,38.9,2317255,6.67,117.97,131028,False,68.17930462431741,17.686656671664167,117.46616312667918,6.6420641760024335,57.00157604412923,12.704918032786885,13.524590163934427,14.754098360655737,83.60655737704919,23.565573770491806,23.770491803278688,29.918032786885245,13.524590163934427,Low,Very High,Low
Shakthi Ganapathi Nagar,45353,44976,30181,27389,26831,19527,99.2,67.1,90.8,98.0,7288,27.2,43.1,2448766,6.77,119.28,142028,False,72.77775707204354,17.61890694239291,125.4041071337123,7.273416295385876,59.160364253742856,10.245901639344263,12.704918032786885,14.344262295081966,97.3360655737705,4.508196721311475,27.459016393442624,34.01639344262295,14.344262295081966,Low,Very High,Low
Chandra Layout,50247,49912,34372,28748,28165,19187,99.3,68.9,83.6,98.0,8972,31.9,38.2,2456871,7.12,124.05,141833,False,68.123557606959,17.422752808988765,128.04873091155469,7.392140511804868,56.053097697374966,12.295081967213115,13.114754098360656,13.934426229508196,82.37704918032787,25.81967213114754,38.9344262295082,46.92622950819672,14.754098360655737,Low,Very High,Moderate
Herohalli,47952,47600,29755,26798,26192,18276,99.3,62.5,90.1,97.7,7916,30.2,38.1,2724334,9.7,162.35,162105,False,69.77703115455101,16.737113402061855,149.06620704749398,8.869829284307288,54.62128795462129,11.475409836065573,11.475409836065573,13.524590163934427,81.76229508196722,14.754098360655737,94.67213114754098,95.90163934426229,15.573770491803279,Low,Very High,Low
Agrahara Dasarahalli,43027,42536,27331,25002,24554,18053,98.9,64.3,91.5,98.2,6496,26.5,42.0,2401294,7.51,127.94,139769,False,73.52366213244278,17.03595206391478,133.01357115160914,7.742148119426134,57.06649313221931,9.426229508196721,9.836065573770492,13.114754098360656,94.4672131147541,2.459016393442623,46.72131147540984,60.65573770491803,13.934426229508196,Low,Very High,Low
Puneet Rajkumar,45863,45416,30747,26816,26265,18033,99.0,67.7,87.2,97.9,8224,31.3,39.3,2148483,6.3,112.2,123322,False,68.65790976584809,17.80952380952381,119.14174014307103,6.838684633727056,57.268386280880016,10.655737704918032,11.885245901639344,12.704918032786885,84.8360655737705,18.237704918032787,11.065573770491802,15.778688524590164,11.475409836065573,Low,Very High,Low
Nandini Layout,44061,43724,30100,26165,25692,17747,99.2,68.8,86.9,98.2,7935,30.9,40.3,2203322,7.98,136.49,127506,False,69.07597695780788,17.104010025062657,124.15180030427678,7.184650926917225,58.310070130046974,9.836065573770492,11.065573770491802,12.295081967213115,89.34426229508196,17.008196721311474,64.75409836065575,72.54098360655738,12.295081967213115,Low,Very High,Low
Binnipete,59606,59100,43772,30868,30446,17157,99.2,74.1,70.5,98.6,13280,43.6,28.8,2173390,6.03,109.08,124006,False,56.3522301780201,18.089552238805968,126.6765751588273,7.2277204639505745,51.07875046136295,16.39344262295082,14.754098360655737,11.885245901639344,38.52459016393443,91.59836065573771,4.918032786885246,6.557377049180328,11.885245901639344,Low,Moderate,Very High
Nagavara,68797,68313,48922,29950,29541,17006,99.3,71.6,61.2,98.6,12528,42.4,24.7,2128376,6.27,115.24,118358,False,57.56744863071663,18.379585326953748,125.15441608843938,6.959778901564154,42.93937235635275,18.852459016393443,13.934426229508196,11.475409836065573,21.721311475409834,90.57377049180327,18.852459016393443,14.139344262295081,10.655737704918032,Low,Low,Very High
Rajagopal Nagar,49249,48787,35227,25452,24943,16453,99.1,72.2,72.3,98.0,8483,34.0,33.4,2143115,6.57,116.78,124679,False,65.96239425891032,17.774733637747335,130.25679207439373,7.577888530966997,50.64671363885561,11.885245901639344,10.655737704918032,11.065573770491802,60.245901639344254,40.16393442622951,21.311475409836063,24.59016393442623,11.065573770491802,Low,High,Moderate
Ranadheera Kanteerava,46845,46412,30623,25551,24906,16164,99.1,66.0,83.4,97.5,8733,35.1,34.5,1933328,6.37,112.1,111080,False,64.90002409058059,17.59811616954474,119.6070279633754,6.872061370947785,53.16682676913225,11.065573770491802,10.245901639344263,10.655737704918032,64.95901639344262,49.795081967213115,10.245901639344263,18.647540983606557,9.836065573770492,Low,High,Moderate
Hongasandra,66045,65467,52043,27198,26768,15798,99.1,79.5,52.3,98.4,10964,41.0,23.9,2311899,7.83,141.91,131471,False,59.01823072325164,18.123882503192846,146.34124572730727,8.32200278516268,40.529941706412295,17.62295081967213,12.295081967213115,10.245901639344263,17.008196721311474,84.6311475409836,72.54098360655738,68.85245901639344,13.114754098360656,Low,Low,Very High
Cottonpete,67650,66994,50956,32826,32405,15118,99.0,76.1,64.4,98.7,17281,53.3,22.4,2035209,6.58,118.78,117399,False,46.65329424471532,18.051671732522795,134.6215769281651,7.765511311019976,47.900960827790094,18.442622950819672,15.573770491803279,9.836065573770492,9.631147540983607,98.77049180327869,26.229508196721312,25.40983606557377,10.245901639344263,Low,Low,Very High
Dayananda Nagar,35860,35491,25987,20503,20224,13486,99.0,73.2,78.9,98.6,6736,33.3,37.6,1487424,5.72,103.47,83810,False,66.68314873417721,18.08916083916084,110.2939344505413,6.214592911167136,56.39709983268265,8.19672131147541,8.19672131147541,9.426229508196721,78.48360655737704,34.83606557377049,2.459016393442623,2.459016393442623,8.19672131147541,Low,Very High,Moderate
Mudalapalya,34182,33913,21506,19335,18953,12984,99.2,63.4,89.9,98.0,5964,31.5,38.0,1622413,5.85,105.07,93384,False,68.5063050704374,17.96068376068376,124.95479051139864,7.1922365988909425,55.447311450471005,6.967213114754098,7.786885245901639,9.01639344262295,80.73770491803278,19.87704918032787,2.8688524590163933,4.098360655737705,9.01639344262295,Low,Very High,Low
Nayandahalli,41688,41360,27115,20901,20511,12926,99.2,65.6,77.1,98.1,7576,36.9,31.0,1826005,9.05,160.09,105622,False,63.01984301106723,17.689502762430937,141.2660529166022,8.171282686059106,49.20120898100173,9.01639344262295,8.60655737704918,8.60655737704918,46.51639344262295,62.295081967213115,93.44262295081968,93.44262295081968,9.426229508196721,Low,Moderate,High
Venkateshpura,53359,53147,41072,23750,23529,12897,99.6,77.3,57.8,99.1,10623,45.1,24.2,1453487,6.19,112.54,79501,False,54.813209231161544,18.180936995153473,112.69962006668217,6.16430177560673,44.09565396652861,13.114754098360656,9.426229508196721,8.19672131147541,18.0327868852459,95.28688524590164,12.704918032786885,11.270491803278688,7.377049180327869,Low,Low,Very High
Azad Nagar,39763,39483,28953,21302,20954,12675,99.3,73.3,73.6,98.4,8270,39.5,31.9,1532784,7.01,125.33,87562,False,60.48964398205593,17.878744650499286,120.92970414201183,6.908244575936884,52.69723109423333,8.60655737704918,9.01639344262295,7.786885245901639,50.409836065573764,76.02459016393442,41.80327868852459,43.44262295081967,8.60655737704918,Low,Moderate,Very High
Jai Maruthinagara,33022,32752,22329,19042,18500,12151,99.2,68.2,85.3,97.2,6338,34.3,36.8,1397378,5.52,100.04,79844,False,65.68108108108109,18.123188405797105,115.00106987079253,6.570981812196527,56.02325722245776,5.737704918032787,7.377049180327869,7.377049180327869,75.40983606557377,42.41803278688525,1.2295081967213115,1.2295081967213115,6.557377049180328,Low,Very High,Moderate
Sunkadakatte,34069,33799,21816,18322,17930,11471,99.2,64.5,84.0,97.9,6451,36.0,33.7,1485675,7.0,138.03,85935,False,63.976575571667595,19.71857142857143,129.5157353325778,7.491500305117253,52.628489242419796,6.557377049180328,6.967213114754098,6.967213114754098,62.5,55.942622950819676,67.62295081967213,42.62295081967213,7.786885245901639,Low,High,High
Mallasandra,35455,35213,25485,17802,17359,11329,99.3,72.4,69.8,97.5,6028,34.7,31.9,1398636,6.89,121.69,80245,False,65.26297597787891,17.661828737300436,123.45626268867508,7.08314943949157,48.960654350585244,7.786885245901639,6.557377049180328,6.557377049180328,50.409836065573764,45.90163934426229,34.42622950819672,38.72950819672131,6.967213114754098,Low,Moderate,Moderate
Veera Sindhura Lakshamana,33045,32761,21258,17405,17019,11116,99.1,64.9,81.9,97.8,5900,34.7,33.6,1359938,6.11,109.98,78414,False,65.31523591280333,18.0,122.34059014033825,7.054156171284634,51.50249659555152,6.147540983606557,6.147540983606557,6.147540983606557,61.47540983606557,45.90163934426229,6.147540983606557,8.401639344262295,6.147540983606557,Low,High,Moderate
Kaveripura,28034,27744,18644,15486,15239,9824,99.0,67.2,83.1,98.4,5412,35.5,35.0,1313810,7.12,123.67,76749,False,64.46617232101845,17.36938202247191,133.7347312703583,7.812398208469055,54.35899265177998,4.098360655737705,5.327868852459016,5.737704918032787,68.0327868852459,52.66393442622951,38.114754098360656,46.92622950819672,5.737704918032787,Low,High,High
Hegganahalli,29838,29557,19390,15783,15383,9628,99.1,65.6,81.4,97.5,5750,37.4,32.3,1261951,8.58,149.67,73342,False,62.588571800039006,17.444055944055943,131.0709389281263,7.617573743248857,51.55506401233326,5.327868852459016,5.737704918032787,5.327868852459016,53.68852459016394,65.77868852459017,83.60655737704919,84.8360655737705,5.327868852459016,Low,High,High
Vrisabhavathi Nagar,27199,26940,17322,14909,14631,9475,99.1,64.3,86.1,98.1,5149,35.2,34.8,1145896,6.27,110.72,65907,False,64.75975668101975,17.658692185007975,120.93889182058048,6.955883905013192,53.7924188389279,3.6885245901639343,4.508196721311475,4.918032786885246,65.98360655737704,50.81967213114754,6.967213114754098,14.139344262295081,4.918032786885246,Low,High,High
Rajeshwari Nagar,28779,28581,18659,14870,14391,9020,99.3,65.3,79.7,96.8,5365,37.3,31.3,1082889,6.25,112.0,62331,False,62.67806267806267,17.92,120.05421286031041,6.910310421286031,50.0052121338476,4.918032786885246,4.098360655737705,4.508196721311475,48.36065573770492,64.95901639344262,9.426229508196721,12.704918032786885,4.508196721311475,Low,Moderate,High
Muneshwara Nagar,34615,34416,25294,15178,15016,8025,99.4,73.5,60.0,98.9,6985,46.5,23.2,967405,6.62,122.02,53837,False,53.44299413958444,18.432024169184288,120.54890965732088,6.708660436137071,43.38003755597285,7.377049180327869,4.918032786885246,4.098360655737705,14.754098360655737,95.90163934426229,34.83606557377049,26.84426229508197,4.098360655737705,Low,Low,Very High
Jagajivanaram Nagar,26740,26526,19388,13672,13471,6957,99.2,73.1,70.5,98.5,6512,48.3,26.0,932470,9.07,155.48,53891,False,51.64427288248831,17.142227122381477,134.03334770734511,7.7462986919649275,50.377711293941665,3.278688524590164,3.6885245901639343,3.6885245901639343,27.459016393442624,97.95081967213115,90.1639344262295,93.85245901639344,3.6885245901639343,Low,Moderate,Very High
Lakshmi Devi Nagar,19623,19467,12660,10597,10356,6580,99.2,65.0,83.7,97.7,3774,36.4,33.5,784021,7.66,133.48,44959,False,63.53804557744303,17.425587467362924,119.15212765957448,6.832674772036474,52.774805075676504,2.0491803278688523,2.459016393442623,3.278688524590164,61.065573770491795,58.40163934426229,61.065573770491795,65.57377049180327,2.459016393442623,Low,High,High
S K Garden,28317,28182,21614,11877,11800,6492,99.5,76.7,54.9,99.4,5305,45.0,22.9,817438,7.25,132.63,45511,False,55.016949152542374,18.293793103448277,125.91466420209488,7.010320394331485,41.6710809760921,4.508196721311475,3.278688524590164,2.8688524590163933,13.319672131147541,94.67213114754098,59.63114754098361,52.459016393442624,3.278688524590164,Low,Low,Very High
Chalavadipalya,23758,23618,17271,11491,11350,6328,99.4,73.1,66.5,98.8,5013,44.2,26.6,814489,6.59,121.66,46499,False,55.753303964757706,18.461305007587253,128.71191529709228,7.3481352718078385,47.77338159777759,2.8688524590163933,2.8688524590163933,2.459016393442623,28.278688524590162,93.85245901639344,33.60655737704918,26.229508196721312,2.8688524590163933,Low,Moderate,Very High
Padarayanapura,20946,20772,14648,10189,9934,5098,99.2,70.5,69.6,97.5,4830,48.6,24.3,711850,8.93,157.83,40182,False,51.31870344272197,17.674132138857786,139.63318948607298,7.8819144762652025,47.426716318151435,2.459016393442623,2.0491803278688523,2.0491803278688523,18.442622950819672,98.36065573770492,91.39344262295081,89.75409836065575,2.0491803278688523,Low,Low,Very High
Bapuji Nagar,18887,18768,12466,9740,9629,5074,99.4,66.4,78.1,98.9,4552,47.3,26.9,634454,6.99,128.51,36059,False,52.694983902793645,18.38483547925608,125.04020496649586,7.106621994481671,50.982157039233336,1.639344262295082,1.639344262295082,1.639344262295082,29.508196721311474,97.54098360655738,48.36065573770492,42.21311475409836,1.639344262295082,Low,Moderate,Very High
Kempapura Agrahara,16628,16463,11059,8049,7934,4452,99.0,67.2,72.8,98.6,3479,43.9,26.8,520021,6.26,112.07,29348,False,56.11293168641291,17.902555910543132,116.80615453728662,6.592093441150045,47.714698099591054,0.819672131147541,0.819672131147541,1.2295081967213115,29.098360655737704,92.62295081967213,9.836065573770492,13.319672131147541,1.2295081967213115,Low,Moderate,Very High
Devaraj Urs Nagar,17831,17746,12387,8865,8724,4040,99.5,69.8,71.6,98.4,4683,53.7,22.7,507415,5.45,97.72,28547,False,46.30903255387437,17.930275229357797,125.59777227722772,7.066089108910891,48.92602770455948,1.2295081967213115,1.2295081967213115,0.819672131147541,11.885245901639344,99.18032786885246,0.819672131147541,0.819672131147541,0.819672131147541,Low,Low,Very High
Devara Jeevanahalli,9611,9548,7245,3770,3730,1407,99.3,75.9,52.0,98.9,2323,62.3,14.6,190579,5.9,114.0,10687,False,37.72117962466488,19.322033898305083,135.45060412224592,7.5955934612651035,38.809697221933206,0.4098360655737705,0.4098360655737705,0.4098360655737705,0.4098360655737705,100.0,15.573770491803279,5.327868852459016,0.4098360655737705,Low,Low,Very High
